package,direct_native_today,closure_a_target_size,closure_a_native_size,closure_b_native_size,native_delta
rmf_traffic_editor_test_maps,3,0,19,188,185
autoware_testing,4,0,73,168,164
nebula_continental,3,65,96,166,163
nebula_core_ros,3,44,73,166,163
nebula_hesai,3,61,74,166,163
nebula_robosense,3,47,73,166,163
nebula_velodyne,3,49,73,166,163
rosgraph_monitor,2,37,69,164,162
nebula,2,117,94,163,161
ros_testing,3,0,61,162,159
continental_msgs,2,1,66,102,100
continental_srvs,2,1,66,102,100
nebula_msgs,2,0,66,102,100
pandar_msgs,2,0,66,102,100
robosense_msgs,2,0,66,102,100
autoware_common_msgs,2,0,64,100,98
autoware_control_msgs,2,0,64,100,98
autoware_internal_debug_msgs,2,0,64,100,98
autoware_internal_msgs,2,8,64,100,98
autoware_internal_perception_msgs,2,2,64,100,98
autoware_localization_msgs,2,1,64,100,98
autoware_map_msgs,2,2,64,100,98
autoware_perception_msgs,2,0,64,100,98
autoware_sensing_msgs,2,1,64,100,98
autoware_simulation_msgs,2,1,64,100,98
autoware_vehicle_msgs,2,4,64,100,98
depth_obstacle_detect_ros_msgs,1,1,64,99,98
etsi_its_cam_msgs,1,1,64,99,98
etsi_its_cam_ts_msgs,1,1,64,99,98
etsi_its_conversion_srvs,1,3,64,99,98
etsi_its_cpm_ts_msgs,1,1,64,99,98
etsi_its_denm_msgs,1,1,64,99,98
etsi_its_denm_ts_msgs,1,1,64,99,98
etsi_its_ivim_ts_msgs,1,1,64,99,98
etsi_its_mapem_ts_msgs,1,1,64,99,98
etsi_its_mcm_uulm_msgs,1,1,64,99,98
etsi_its_spatem_ts_msgs,1,1,64,99,98
etsi_its_vam_ts_msgs,1,1,64,99,98
fusioncore_ros,2,71,65,100,98
hri_msgs,2,3,64,100,98
mapviz_interfaces,1,1,64,99,98
microstrain_inertial_msgs,1,1,64,99,98
proto2ros,4,28,64,102,98
ptz_action_server_msgs,1,3,64,99,98
rqt_robot_monitor,1,0,64,99,98
usb_cam,2,41,65,100,98
ackermann_msgs,2,1,63,99,97
ackermann_nlmpc_msgs,2,1,63,99,97
action_tutorials_interfaces,2,0,63,99,97
actionlib_msgs,2,0,63,99,97
actuator_msgs,2,1,63,99,97
adi_iio,2,30,64,99,97
apriltag_msgs,2,1,63,99,97
aruco_opencv_msgs,2,1,63,99,97
audio_common_msgs,2,1,63,99,97
bond,2,0,63,99,97
can_msgs,2,1,63,99,97
cartographer_ros_msgs,2,0,63,99,97
cob_actions,2,3,63,99,97
cob_msgs,2,1,63,99,97
cob_srvs,2,1,63,99,97
compass_interfaces,2,57,64,99,97
compass_msgs,2,19,63,99,97
composition_interfaces,2,1,63,99,97
control_msgs,2,2,63,99,97
controller_manager_msgs,2,0,63,99,97
crazyflie_interfaces,2,0,63,99,97
create3_examples_msgs,2,2,63,99,97
data_tamer_msgs,2,0,63,99,97
data_tamer_tools,2,36,64,99,97
diagnostic_msgs,2,0,63,99,97
domain_bridge,2,36,64,99,97
dynamixel_interfaces,2,2,63,99,97
dynamixel_sdk_custom_interfaces,2,0,63,99,97
dynamixel_workbench_msgs,2,0,63,99,97
easynav_interfaces,2,0,63,99,97
eventdispatch_ros2_interfaces,2,0,63,99,97
example_interfaces,2,0,63,99,97
fadecandy_msgs,2,1,63,99,97
flexbe_msgs,2,20,63,99,97
flir_camera_msgs,2,0,63,99,97
four_wheel_steering_msgs,2,1,63,99,97
fuse_msgs,2,1,63,99,97
gazebo_msgs,2,0,63,99,97
geometric_shapes,3,37,64,100,97
geometry_msgs,2,1,63,99,97
gps_msgs,2,1,63,99,97
hri_actions_msgs,2,2,63,99,97
husarion_ugv_msgs,2,0,63,99,97
irobot_create_msgs,2,2,63,99,97
jsk_footstep_msgs,2,0,63,99,97
jsk_gui_msgs,2,1,63,99,97
jsk_hark_msgs,2,1,63,99,97
kinematic_pose_msgs,2,2,63,99,97
kompass_interfaces,2,2,63,99,97
kuka_driver_interfaces,2,0,63,99,97
kuka_drivers_core,2,91,68,99,97
lifecycle_msgs,2,0,63,99,97
lightning_rrt_interfaces,2,1,63,99,97
linear_feedback_controller_msgs,2,55,64,99,97
logging_demo,2,28,64,99,97
map_msgs,2,2,63,99,97
marine_acoustic_msgs,2,1,63,99,97
marine_sensor_msgs,2,0,63,99,97
marker_msgs,2,0,63,99,97
marti_can_msgs,2,1,63,99,97
marti_common_msgs,2,0,63,99,97
marti_dbw_msgs,2,0,63,99,97
marti_introspection_msgs,2,1,63,99,97
marti_nav_msgs,2,1,63,99,97
marti_perception_msgs,2,2,63,99,97
marti_sensor_msgs,2,2,63,99,97
marti_status_msgs,2,1,63,99,97
marti_visualization_msgs,2,1,63,99,97
mavros_msgs,2,3,63,99,97
mbf_msgs,2,3,63,99,97
micro_ros_diagnostic_msgs,2,18,63,99,97
microstrain_inertial_driver,2,56,65,99,97
mola_msgs,2,6,63,99,97
motion_capture_tracking_interfaces,2,0,63,99,97
mrpt_msgs,2,1,63,99,97
mrpt_nav_interfaces,2,5,63,99,97
mujoco_ros2_control_msgs,2,0,63,99,97
nav_msgs,2,0,63,99,97
nmea_msgs,2,0,63,99,97
novatel_gps_msgs,2,1,63,99,97
novatel_oem6_msgs,2,1,63,99,97
novatel_oem7_msgs,2,1,63,99,97
object_recognition_msgs,2,3,63,99,97
octomap_msgs,2,1,63,99,97
off_highway_general_purpose_radar_msgs,2,1,63,99,97
off_highway_mm7p10_msgs,2,1,63,99,97
off_highway_premium_radar_sample_msgs,2,0,63,99,97
off_highway_radar_msgs,2,1,63,99,97
off_highway_uss_msgs,2,1,63,99,97
openni2_camera,2,39,64,99,97
ouster_ros,2,55,64,99,97
ouster_sensor_msgs,2,1,63,99,97
pal_statistics_msgs,2,1,63,99,97
pcl_msgs,2,2,63,99,97
plotjuggler_msgs,2,1,63,99,97
point_cloud_interfaces,2,1,63,99,97
posedetection_msgs,2,32,64,99,97
prox_mpc_msgs,2,1,63,99,97
rai_interfaces,2,3,63,99,97
raspimouse_msgs,2,0,63,99,97
rc_common_msgs,2,1,63,99,97
rc_reason_msgs,2,1,63,99,97
rcl_interfaces,2,0,63,99,97
realsense2_camera_msgs,2,3,63,99,97
rmf_building_map_msgs,2,1,63,99,97
rmf_charger_msgs,2,0,63,99,97
rmf_dispenser_msgs,2,1,63,99,97
rmf_door_msgs,2,0,63,99,97
rmf_fleet_msgs,2,0,63,99,97
rmf_ingestor_msgs,2,1,63,99,97
rmf_lift_msgs,2,0,63,99,97
rmf_obstacle_msgs,2,0,63,99,97
rmf_scheduler_msgs,2,0,63,99,97
rmf_site_map_msgs,2,0,63,99,97
rmf_task_msgs,2,0,63,99,97
rmf_traffic_msgs,2,1,63,99,97
rmf_visualization_msgs,2,0,63,99,97
rmf_workcell_msgs,2,0,63,99,97
rmw_dds_common,2,3,63,99,97
robot_calibration_msgs,2,3,63,99,97
ros2_medkit_msgs,2,2,63,99,97
ros2cli_test_interfaces,2,0,63,99,97
ros_babel_fish_test_msgs,2,0,63,99,97
ros_gz_interfaces,2,0,63,99,97
ros_snapd_interfaces,2,0,63,99,97
rosapi_msgs,2,0,63,99,97
rosbag2_interfaces,2,0,63,99,97
rosbag2_performance_benchmarking_msgs,2,0,63,99,97
rosbag2_test_msgdefs,2,0,63,99,97
rosbridge_msgs,2,0,63,99,97
rosbridge_test_msgs,2,2,63,99,97
rosgraph_monitor_msgs,2,0,63,99,97
rosgraph_msgs,2,0,63,99,97
rqt_moveit,2,0,63,99,97
rtabmap_msgs,2,0,63,99,97
rtcm_msgs,2,0,63,99,97
rviz_2d_overlay_msgs,2,1,63,99,97
sbg_driver,2,62,64,99,97
sensor_msgs,2,0,63,99,97
shape_msgs,2,2,63,99,97
sick_safevisionary_interfaces,2,1,63,99,97
simulation_interfaces,2,2,63,99,97
smacc2_msgs,2,2,63,99,97
soccer_vision_2d_msgs,2,0,63,99,97
soccer_vision_3d_msgs,2,0,63,99,97
soccer_vision_attribute_msgs,2,0,63,99,97
sound_play_msgs,2,2,63,99,97
speech_recognition_msgs,2,1,63,99,97
statistics_msgs,2,0,63,99,97
std_msgs,2,0,63,99,97
std_srvs,2,0,63,99,97
stereo_msgs,2,2,63,99,97
system_modes_msgs,2,0,63,99,97
teleop_tools_msgs,2,3,63,99,97
test_msgs,2,0,63,99,97
tf2_msgs,2,1,63,99,97
theora_image_transport,3,37,63,100,97
trackdlo_msgs,2,1,63,99,97
trajectory_msgs,2,0,63,99,97
turtlebot3_applications_msgs,2,1,63,99,97
turtlebot3_msgs,2,20,63,99,97
turtlesim,2,45,64,99,97
tuw_airskin_msgs,2,0,63,99,97
tuw_geo_msgs,2,1,63,99,97
tuw_geometry_msgs,2,0,63,99,97
tuw_graph_msgs,2,0,63,99,97
tuw_multi_robot_msgs,2,0,63,99,97
tuw_nav_msgs,2,0,63,99,97
tuw_object_map_msgs,2,1,63,99,97
tuw_object_msgs,2,4,63,99,97
tuw_std_msgs,2,0,63,99,97
twist_mux_msgs,2,3,63,99,97
ur_msgs,2,3,63,99,97
urinterfaces,2,2,63,99,97
velodyne_msgs,2,0,63,99,97
vision_msgs,2,1,63,99,97
visualization_msgs,2,0,63,99,97
webots_ros2_msgs,2,0,63,99,97
wiimote_msgs,3,0,63,100,97
automatika_embodied_agents,3,67,63,99,96
automatika_ros_sugar,3,52,63,99,96
frame_editor,3,62,63,99,96
nicla_vision_ros2,3,39,63,99,96
performance_test,3,29,64,99,96
robot_localization,3,56,63,99,96
topic_tools,3,29,63,99,96
smach_msgs,5,0,66,99,94
rosidl_default_generators,5,0,59,98,93
action_msgs,2,0,58,93,91
builtin_interfaces,2,0,58,93,91
service_msgs,2,0,58,93,91
type_description_interfaces,2,1,58,93,91
unique_identifier_msgs,2,0,58,93,91
rosidl_core_generators,13,0,46,92,79
rosidlcpp,12,0,54,76,64
rosidl_generator_rs,5,5,26,52,47
rosidl_generator_py,7,4,28,53,46
rosidlcpp_generator_py,7,4,28,53,46
rosidlcpp_typesupport_introspection_cpp,4,3,28,50,46
rosidl_typesupport_fastrtps_cpp,6,3,37,51,45
rosidlcpp_typesupport_fastrtps_cpp,5,3,37,50,45
rosidl_typesupport_introspection_cpp,6,3,36,50,44
rosidl_typesupport_fastrtps_c,5,3,38,48,43
rosidlcpp_typesupport_fastrtps_c,4,3,39,47,43
rosidl_typesupport_introspection_c,5,2,34,47,42
rmw_gurumdds_cpp,2,5,40,41,39
rmw_desert,3,5,39,41,38
rosidl_generator_c,5,1,28,40,35
cv_bridge,2,30,32,34,32
vitis_common,2,0,30,34,32
async_web_server_cpp,1,0,29,32,31
autoware_lanelet2_extension_python,3,72,35,34,31
autoware_pyplot,3,1,29,34,31
autoware_trajectory,3,79,35,34,31
canopen_402_driver,1,45,31,32,31
canopen_base_driver,1,41,31,32,31
canopen_master_driver,1,35,31,32,31
canopen_proxy_driver,1,46,31,32,31
clearpath_ros2_socketcan_interface,1,30,31,32,31
crx_kinematics,1,114,36,32,31
depthimage_to_laserscan,1,32,31,32,31
ecl_command_line,1,0,29,32,31
ecl_concepts,1,0,29,32,31
ecl_config,1,0,29,32,31
ecl_console,1,0,29,32,31
ecl_containers,1,0,29,32,31
ecl_converters,1,0,29,32,31
ecl_converters_lite,1,0,29,32,31
ecl_core,1,0,29,32,31
ecl_core_apps,1,0,29,32,31
ecl_devices,1,0,29,32,31
ecl_eigen,1,0,29,32,31
ecl_errors,1,0,29,32,31
ecl_exceptions,1,0,29,32,31
ecl_filesystem,1,0,29,32,31
ecl_formatters,1,0,29,32,31
ecl_geometry,1,0,29,32,31
ecl_io,1,0,29,32,31
ecl_ipc,1,0,29,32,31
ecl_linear_algebra,1,3,29,32,31
ecl_lite,1,0,29,32,31
ecl_manipulators,1,0,29,32,31
ecl_math,1,0,29,32,31
ecl_mobile_robot,1,0,29,32,31
ecl_mpl,1,0,29,32,31
ecl_sigslots,1,0,29,32,31
ecl_sigslots_lite,1,0,29,32,31
ecl_statistics,1,0,29,32,31
ecl_streams,1,0,29,32,31
ecl_threads,1,0,29,32,31
ecl_time,1,0,29,32,31
ecl_time_lite,1,0,29,32,31
ecl_type_traits,1,0,29,32,31
ecl_utilities,1,0,29,32,31
ffw_swerve_drive_controller,1,86,35,32,31
fuse_constraints,1,35,31,32,31
fuse_core,1,33,31,32,31
fuse_doc,1,0,29,32,31
fuse_graphs,1,35,31,32,31
fuse_loss,1,35,31,32,31
fuse_models,1,60,31,32,31
fuse_optimizers,1,43,31,32,31
fuse_publishers,1,62,31,32,31
fuse_tutorials,1,36,31,32,31
fuse_variables,1,35,31,32,31
fuse_viz,1,85,32,32,31
joy,1,32,31,32,31
kdl_parser,1,12,29,32,31
kobuki_core,1,0,29,32,31
kobuki_velocity_smoother,1,29,31,32,31
kuka_kss_message_handler,1,92,35,32,31
libstatistics_collector,1,19,30,32,31
message_filters,3,28,31,34,31
micro_ros_diagnostic_bridge,1,40,48,32,31
nebula_continental_hw_interfaces,1,4,29,32,31
nebula_core_hw_interfaces,1,2,29,32,31
nebula_hesai_hw_interfaces,1,1,29,32,31
nebula_robosense_hw_interfaces,1,4,29,32,31
nebula_sample,1,50,31,32,31
nebula_sample_hw_interfaces,1,10,29,32,31
nebula_velodyne_hw_interfaces,1,2,29,32,31
phidgets_accelerometer,1,32,31,32,31
phidgets_analog_inputs,1,30,31,32,31
phidgets_analog_outputs,1,30,31,32,31
phidgets_api,1,0,29,32,31
phidgets_digital_inputs,1,30,31,32,31
phidgets_digital_outputs,1,30,31,32,31
phidgets_gyroscope,1,31,31,32,31
phidgets_high_speed_encoder,1,32,31,32,31
phidgets_magnetometer,1,32,31,32,31
phidgets_motors,1,30,31,32,31
phidgets_spatial,1,31,31,32,31
phidgets_stepper,1,31,31,32,31
phidgets_temperature,1,30,31,32,31
pick_ik,1,109,36,32,31
picknik_reset_fault_controller,1,80,31,32,31
picknik_twist_controller,1,80,31,32,31
point_cloud_transport_py,3,37,31,34,31
point_cloud_transport_tutorial,1,41,42,32,31
polygon_rviz_plugins,1,80,32,32,31
rcl_logging_interface,1,1,29,32,31
rcl_logging_noop,2,1,29,33,31
rcl_logging_spdlog,1,1,29,32,31
rclc,1,25,33,32,31
rclc_examples,1,26,30,32,31
rclc_lifecycle,1,26,30,32,31
rclc_parameter,1,21,30,32,31
rclcpp_action,1,41,31,32,31
rclcpp_components,1,27,31,32,31
rclcpp_lifecycle,1,24,31,32,31
rcss3d_agent,1,29,31,32,31
rcutils,2,0,29,33,31
resource_retriever,1,1,30,32,31
rmw_connextdds,1,19,42,32,31
rmw_connextdds_common,1,6,42,32,31
rmw_cyclonedds_cpp,1,9,41,32,31
rmw_fastrtps_cpp,2,10,41,33,31
rmw_fastrtps_dynamic_cpp,2,11,41,33,31
rmw_fastrtps_shared_cpp,2,9,41,33,31
rosbag2_py,3,42,42,34,31
rosbag2_transport,1,33,42,32,31
rosidl_dynamic_typesupport,1,2,29,32,31
rosidl_dynamic_typesupport_fastrtps,2,7,29,33,31
rplidar_ros,2,31,31,33,31
rtabmap_costmap_plugins,1,89,65,32,31
rtabmap_odom,1,103,65,32,31
rtabmap_rviz_plugins,1,109,32,32,31
rtabmap_slam,1,103,65,32,31
rtabmap_sync,1,87,32,32,31
rtabmap_viz,1,89,32,32,31
rviz_default_plugins,1,77,32,32,31
rviz_rendering,2,10,30,33,31
sdformat_urdf,1,11,29,32,31
tracetools_acceleration,2,0,29,33,31
tracetools_image_pipeline,2,0,29,33,31
ublox_gps,1,34,31,32,31
ublox_msgs,1,2,63,32,31
urdf,1,6,29,32,31
urdf_parser_plugin,1,0,29,32,31
v4l2_camera,1,43,31,32,31
velodyne_driver,1,57,31,32,31
velodyne_laserscan,1,31,31,32,31
vision_msgs_layers,1,37,31,32,31
web_video_server,2,36,30,33,31
apriltag_detector_mit,4,43,30,34,30
apriltag_detector_umich,4,40,30,34,30
autoware_adapi_adaptors,2,96,34,32,30
autoware_adapi_specs,2,0,28,32,30
autoware_agnocast_wrapper,2,54,30,32,30
autoware_behavior_velocity_planner,3,116,34,33,30
autoware_behavior_velocity_planner_common,3,101,34,33,30
autoware_behavior_velocity_stop_line_module,3,130,34,33,30
autoware_command_gate,2,41,30,32,30
autoware_component_interface_specs,2,34,30,32,30
autoware_core,2,0,28,32,30
autoware_core_api,2,0,28,32,30
autoware_core_control,2,0,28,32,30
autoware_core_localization,2,0,28,32,30
autoware_core_map,2,0,28,32,30
autoware_core_perception,2,0,28,32,30
autoware_core_planning,2,0,28,32,30
autoware_core_sensing,2,0,28,32,30
autoware_core_vehicle,2,0,28,32,30
autoware_crop_box_filter,2,83,34,32,30
autoware_default_adapi,2,89,34,32,30
autoware_downsample_filters,2,85,34,32,30
autoware_ekf_localizer,3,73,30,33,30
autoware_euclidean_cluster_object_detector,2,82,34,32,30
autoware_geography_utils,2,74,34,32,30
autoware_global_parameter_loader,2,0,28,32,30
autoware_gnss_poser,2,70,34,32,30
autoware_ground_filter,2,76,35,32,30
autoware_gyro_odometer,2,74,30,32,30
autoware_interpolation,2,66,30,32,30
autoware_kalman_filter,2,0,28,32,30
autoware_lanelet2_extension,2,62,34,32,30
autoware_lanelet2_map_visualizer,2,82,34,32,30
autoware_lanelet2_utils,2,80,34,32,30
autoware_localization_util,2,64,30,32,30
autoware_map_height_fitter,2,82,34,32,30
autoware_map_loader,2,88,34,32,30
autoware_map_projection_loader,2,84,34,32,30
autoware_marker_utils,2,81,34,32,30
autoware_mission_planner,2,93,34,32,30
autoware_motion_utils,2,64,30,32,30
autoware_motion_velocity_obstacle_stop_module,2,127,34,32,30
autoware_motion_velocity_planner,3,119,70,33,30
autoware_motion_velocity_planner_common,3,119,34,33,30
autoware_ndt_scan_matcher,2,75,31,32,30
autoware_node,2,29,30,32,30
autoware_object_recognition_utils,2,63,30,32,30
autoware_objects_of_interest_marker_interface,2,66,30,32,30
autoware_osqp_interface,2,29,30,32,30
autoware_path_generator,2,112,37,32,30
autoware_perception_objects_converter,2,31,30,32,30
autoware_planning_factor_interface,2,76,30,32,30
autoware_planning_test_manager,2,95,34,32,30
autoware_planning_topic_converter,2,75,30,32,30
autoware_pose_initializer,2,102,34,32,30
autoware_qos_utils,2,29,30,32,30
autoware_qp_interface,2,31,30,32,30
autoware_route_handler,2,80,34,32,30
autoware_signal_processing,2,30,30,32,30
autoware_simple_pure_pursuit,2,92,34,32,30
autoware_stop_filter,2,60,30,32,30
autoware_test_node,2,29,30,32,30
autoware_test_utils,2,76,34,32,30
autoware_twist2accel,2,75,30,32,30
autoware_utils,2,82,30,32,30
autoware_utils_debug,2,42,30,32,30
autoware_utils_diagnostics,2,37,30,32,30
autoware_utils_geometry,2,64,30,32,30
autoware_utils_logging,2,28,30,32,30
autoware_utils_math,2,0,28,32,30
autoware_utils_pcl,2,73,30,32,30
autoware_utils_rclcpp,2,29,30,32,30
autoware_utils_system,2,29,30,32,30
autoware_utils_tf,2,67,30,32,30
autoware_utils_uuid,2,0,28,32,30
autoware_utils_visualization,2,32,30,32,30
autoware_vehicle_info_utils,2,69,30,32,30
autoware_vehicle_velocity_converter,2,74,30,32,30
autoware_velocity_smoother,3,108,34,33,30
broll,2,30,30,32,30
camera_calibration_parsers,2,32,30,32,30
camera_info_manager,2,31,30,32,30
class_loader,2,2,28,32,30
cm_executors,2,29,30,32,30
event_camera_codecs,3,5,28,33,30
event_camera_py,5,7,28,35,30
event_camera_renderer,3,36,30,33,30
event_camera_tools,4,40,41,34,30
event_image_reconstruction_fibar,3,48,41,33,30
ffmpeg_encoder_decoder,4,33,29,34,30
ffmpeg_image_transport,3,41,30,33,30
ffmpeg_image_transport_tools,3,43,41,33,30
foxglove_compressed_video_transport,3,41,30,33,30
frequency_cam,3,45,41,33,30
image_geometry,2,3,28,32,30
image_transport,2,34,30,32,30
libcaer_driver,4,41,30,34,30
metavision_driver,4,42,30,34,30
nav2_mppi_controller,2,82,64,32,30
nebula_continental_common,2,1,28,32,30
nebula_continental_decoders,2,32,30,32,30
nebula_core_common,2,0,28,32,30
nebula_core_decoders,2,4,28,32,30
nebula_hesai_common,2,2,28,32,30
nebula_hesai_decoders,2,36,30,32,30
nebula_robosense_common,2,2,28,32,30
nebula_robosense_decoders,2,36,30,32,30
nebula_sample_common,2,9,28,32,30
nebula_sample_decoders,2,9,28,32,30
nebula_velodyne_common,2,2,28,32,30
nebula_velodyne_decoders,2,37,30,32,30
point_cloud_transport,2,32,30,32,30
rcl,2,9,29,32,30
rcl_action,2,20,29,32,30
rcl_lifecycle,2,18,29,32,30
rcl_yaml_param_parser,2,5,29,32,30
rclcpp,3,11,29,33,30
rmw,2,2,28,32,30
rosbridge_library,2,0,28,32,30
rosbridge_server,2,0,28,32,30
rosidl_runtime_c,2,1,28,32,30
rosidl_typesupport_c,3,3,36,33,30
rosidl_typesupport_cpp,3,3,39,33,30
rtest,2,45,30,32,30
spinnaker_camera_driver,3,45,30,33,30
spinnaker_synchronized_camera_driver,2,55,30,32,30
tf2,2,4,28,32,30
tracetools,3,0,28,33,30
cras_bag_tools,3,0,27,32,29
diagnostic_updater,3,35,29,32,29
launch_testing_ament_cmake,4,0,19,33,29
rcpputils,3,1,27,32,29
rosidl_generator_type_description,4,0,27,33,29
autoware_adapi_v1_msgs,1,0,64,29,28
autoware_adapi_version_msgs,1,0,64,29,28
autoware_auto_msgs,1,3,64,29,28
autoware_awsim_sensor_kit_description,1,0,26,29,28
autoware_cmake,2,0,26,30,28
autoware_internal_localization_msgs,1,1,64,29,28
autoware_internal_metric_msgs,1,0,64,29,28
autoware_internal_planning_msgs,1,1,64,29,28
autoware_planning_msgs,1,0,64,29,28
autoware_point_types,4,65,32,32,28
autoware_sample_sensor_kit_description,1,0,26,29,28
autoware_sample_vehicle_description,1,0,26,29,28
autoware_system_msgs,1,0,64,29,28
autoware_v2x_msgs,1,1,64,29,28
avt_vimba_camera,1,44,28,29,28
depth_image_proc,1,66,28,29,28
depthai_filters,1,38,65,29,28
depthai_filters_v3,1,38,65,29,28
fluent_rviz,1,30,28,29,28
hash_library_vendor,2,0,26,30,28
hri,1,53,28,29,28
hri_rviz,1,96,29,29,28
human_description,1,0,26,29,28
image_proc,1,64,28,29,28
image_publisher,1,43,28,29,28
image_rotate,1,59,28,29,28
image_view,1,40,28,29,28
io_context,2,30,28,30,28
octomap_ros,1,8,26,29,28
octomap_rviz_plugins,1,93,29,29,28
octomap_server,1,54,28,29,28
play_motion_builder,1,126,33,29,28
point_cloud_msg_wrapper,1,17,26,29,28
qpoases_vendor,1,0,26,29,28
ros2_fmt_logger,1,29,28,29,28
ros2_socketcan,1,30,28,29,28
ros2_socketcan_msgs,1,1,64,29,28
rqt_play_motion_builder,1,125,33,29,28
serial_driver,2,31,28,30,28
stereo_image_proc,1,70,28,29,28
test_apex_test_tools,1,0,26,29,28
udp_driver,2,30,28,30,28
urdf_test,1,28,27,29,28
apex_test_tools,2,0,25,29,27
boost_geometry_util,2,30,27,29,27
dual_laser_merger,2,58,28,29,27
linear_feedback_controller,2,98,35,29,27
pal_statistics,2,34,27,29,27
parameter_expression,2,29,27,29,27
play_motion2,2,117,32,29,27
pyhri,2,60,27,29,27
ros_gz_bridge,4,44,19,31,27
scan_2d_merger,2,55,27,29,27
video_to_image_msg_publisher,2,33,27,29,27
wiimote,2,29,27,29,27
ament_cmake_ros,4,0,24,30,26
greenwave_monitor,3,35,63,29,26
rosidl_generator_cpp,4,5,19,30,26
ament_cmake_auto,3,0,23,28,25
ament_cmake_uncrustify,3,0,4,28,25
generate_parameter_library,3,35,23,27,24
mola_bridge_ros2,4,81,35,28,24
mvsim,4,81,36,28,24
pose_cov_ops,4,78,36,28,24
aws_sdk_cpp_vendor,3,0,21,26,23
console_bridge_vendor,2,0,21,25,23
gz_dartsim_vendor,2,0,21,25,23
gz_ogre_next_vendor,2,0,21,25,23
libcaer_vendor,2,0,21,25,23
libcurl_vendor,3,0,21,26,23
liblz4_vendor,2,0,21,25,23
libyaml_vendor,3,0,21,26,23
mimick_vendor,2,0,21,25,23
orocos_kdl_vendor,2,0,21,25,23
pybind11_json_vendor,2,1,21,25,23
pybind11_vendor,2,0,21,25,23
rviz_assimp_vendor,2,0,21,25,23
rviz_ogre_vendor,2,0,21,25,23
small_gicp_vendor,2,0,21,25,23
spdlog_vendor,2,0,21,25,23
sqlite3_vendor,2,0,21,25,23
uncrustify_vendor,2,0,21,25,23
yaets,1,14,9,24,23
yaml_cpp_vendor,2,0,21,25,23
zenoh_cpp_vendor,2,0,21,25,23
zstd_vendor,2,0,21,25,23
boost_sml_vendor,3,0,20,25,22
lttngpy,3,1,20,25,22
mola_common,3,0,21,25,22
mola_demos,3,0,20,25,22
mola_launcher,3,10,20,25,22
mola_lidar_odometry,3,95,34,25,22
mola_metric_maps,3,13,21,25,22
mola_sm_loop_closure,3,15,20,25,22
mola_state_estimation_smoother,3,11,21,25,22
mola_test_datasets,3,0,20,25,22
mp_units_vendor,3,0,20,25,22
mujoco_vendor,4,0,20,26,22
onnxruntime_vendor,3,0,20,25,22
openvdb_vendor,3,0,20,25,22
ortools_vendor,3,0,20,25,22
plansys2_support_py,2,36,63,24,22
rclpy,2,15,21,24,22
tf2_geometry_msgs,2,56,22,24,22
tf2_py,2,7,20,24,22
tf2_sensor_msgs,3,53,22,25,22
tinyspline_vendor,3,0,20,25,22
zmqpp_vendor,3,0,20,25,22
acado_vendor,1,0,19,22,21
ackermann_steering_controller,1,93,35,22,21
action_tutorials_cpp,1,47,21,22,21
adaptive_component,1,29,21,22,21
admittance_controller,1,86,35,22,21
ads_vendor,2,0,19,23,21
agni_tf_tools,1,86,22,22,21
agnocast,1,0,19,22,21
agnocast_cie_config_msgs,1,0,63,22,21
agnocast_cie_thread_configurator,1,29,21,22,21
agnocast_components,1,60,21,22,21
agnocast_e2e_test,1,62,21,22,21
agnocast_ioctl_wrapper,1,29,21,22,21
agnocast_sample_application,1,64,21,22,21
agnocast_sample_interfaces,1,0,63,22,21
agnocastlib,1,48,21,22,21
ament_download,1,0,19,22,21
ament_nodl,1,0,19,22,21
apriltag_detector,2,38,21,23,21
apriltag_draw,2,39,21,23,21
apriltag_ros,1,60,21,22,21
apriltag_tools,2,52,32,23,21
ardrone_sdk,1,0,19,22,21
ardrone_sumo,1,37,21,22,21
aruco,1,36,21,22,21
aruco_markers,1,64,21,22,21
aruco_markers_msgs,1,1,63,22,21
aruco_msgs,1,1,63,22,21
aruco_opencv,1,65,21,22,21
aruco_ros,1,63,21,22,21
asio_cmake_module,1,0,19,22,21
at_sonde_ros_driver,1,29,21,22,21
audio_capture,1,38,21,22,21
audio_common,1,0,19,22,21
audio_play,1,30,21,22,21
auto_apms_examples,1,86,25,22,21
auto_apms_interfaces,1,0,63,22,21
auto_apms_mission,1,84,25,22,21
automotive_autonomy_msgs,1,0,19,22,21
automotive_navigation_msgs,1,0,63,22,21
automotive_platform_msgs,1,0,63,22,21
autoware_msgs,1,0,19,22,21
axis_description,1,0,19,22,21
axis_msgs,1,0,63,22,21
bag2_to_image,1,39,32,22,21
battery_state_broadcaster,1,81,35,22,21
battery_state_rviz_overlay,1,31,21,22,21
bcr_arm,1,0,19,22,21
bcr_arm_description,1,0,19,22,21
bcr_arm_gazebo,1,164,35,22,21
bcr_arm_moveit_config,1,0,19,22,21
bcr_arm_ros2,1,0,19,22,21
bcr_bot,1,0,19,22,21
beckhoff_ads_bringup,1,0,19,22,21
beckhoff_ads_hardware_interface,1,80,31,22,21
behaviortree_cpp,2,28,21,23,21
behaviortree_cpp_v3,1,28,21,22,21
beluga_amcl,1,67,21,22,21
bicycle_steering_controller,1,93,35,22,21
bond_core,1,0,19,22,21
bondcpp,1,29,21,22,21
callback_isolated_executor,1,30,21,22,21
camera_aravis2,1,42,21,22,21
camera_aravis2_msgs,1,1,63,22,21
camera_ros,1,42,21,22,21
canboat_vendor,2,0,19,23,21
canopen,1,0,19,22,21
canopen_core,1,32,21,22,21
canopen_fake_slaves,1,31,21,22,21
canopen_interfaces,1,0,63,22,21
canopen_inventus_driver,1,42,21,22,21
canopen_inventus_interfaces,1,1,63,22,21
canopen_ros2_control,1,90,31,22,21
canopen_ros2_controllers,1,96,35,22,21
canopen_tests,1,2,19,22,21
cartographer_ros,1,66,32,22,21
cartographer_rviz,1,93,33,22,21
cascade_lifecycle_msgs,1,28,64,22,21
catch_ros2,1,44,21,22,21
chained_filter_controller,1,85,35,22,21
cheese,1,32,21,22,21
cheese_interfaces,1,0,63,22,21
chomp_motion_planner,1,113,26,22,21
cie_config_msgs,1,0,63,22,21
cie_sample_application,1,31,21,22,21
cie_thread_configurator,1,29,21,22,21
clearpath_bms_broadcaster,1,83,35,22,21
clearpath_common,1,0,19,22,21
clearpath_control,1,0,19,22,21
clearpath_customization,1,0,19,22,21
clearpath_description,1,0,19,22,21
clearpath_desktop,1,0,19,22,21
clearpath_diagnostics,1,38,21,22,21
clearpath_generator_common,1,144,26,22,21
clearpath_generator_gz,1,0,19,22,21
clearpath_gz,1,0,19,22,21
clearpath_manipulators,1,0,19,22,21
clearpath_manipulators_description,1,0,19,22,21
clearpath_motor_msgs,1,2,63,22,21
clearpath_mounts_description,1,0,19,22,21
clearpath_msgs,1,0,19,22,21
clearpath_nav2_demos,1,0,19,22,21
clearpath_offboard_sensors,1,0,19,22,21
clearpath_platform_description,1,0,19,22,21
clearpath_platform_msgs,1,0,63,22,21
clearpath_sensors_description,1,0,19,22,21
clearpath_simulator,1,0,19,22,21
clearpath_viz,1,0,19,22,21
clips_executive,1,0,19,22,21
clips_vendor,1,0,21,22,21
cloudini_lib,1,0,19,22,21
cloudini_ros,1,43,32,22,21
cm_topic_hardware_component,1,80,31,22,21
coin_d4_driver,1,30,21,22,21
color_names,1,81,22,22,21
common_interfaces,1,0,19,22,21
composition,1,28,21,22,21
compressed_depth_image_transport,1,42,21,22,21
compressed_image_transport,1,42,21,22,21
connection_inspector,1,28,21,22,21
control_toolbox,1,69,25,22,21
costmap_queue,1,90,65,22,21
crane_plus,1,0,19,22,21
crane_plus_control,1,163,36,22,21
crane_plus_examples,1,209,36,22,21
crane_plus_gazebo,1,166,36,22,21
crane_plus_moveit_config,1,0,19,22,21
cras_msgs,1,1,63,22,21
crazyflie_description,1,0,19,22,21
crazyflie_server_cpp,1,53,21,22,21
create3_coverage,1,57,21,22,21
create3_lidar_slam,1,35,20,22,21
create3_republisher,1,48,21,22,21
cudnn_cmake_module,1,0,19,22,21
cx_ament_index_plugin,1,37,23,22,21
cx_bringup,1,61,23,22,21
cx_clips_env_manager,1,38,66,22,21
cx_config_plugin,1,38,23,22,21
cx_example_plugin,1,37,23,22,21
cx_executive_plugin,1,37,23,22,21
cx_file_load_plugin,1,37,23,22,21
cx_msgs,1,0,63,22,21
cx_plugin,1,37,23,22,21
cx_protobuf_plugin,1,42,23,22,21
cx_ros_comm_gen,1,0,19,22,21
cx_ros_msgs_plugin,1,36,34,22,21
cx_ros_param_plugin,1,38,23,22,21
cx_tf2_pose_tracker_plugin,1,62,23,22,21
cx_tutorial_agents,1,54,23,22,21
cx_utils,1,31,23,22,21
data_tamer_cpp,1,33,21,22,21
dataspeed_can,1,0,19,22,21
dataspeed_can_msg_filters,1,30,21,22,21
dataspeed_can_msgs,1,1,63,22,21
dataspeed_can_tools,1,38,32,22,21
dataspeed_can_usb,1,30,21,22,21
delphi_esr_msgs,1,0,63,22,21
delphi_mrr_msgs,1,0,63,22,21
delphi_srr_msgs,1,0,63,22,21
demo_nodes_cpp,1,24,21,22,21
demo_nodes_cpp_native,1,43,43,22,21
depth_obstacle_detect_ros,1,44,21,22,21
depthai,1,0,19,22,21
depthai-ros,1,0,19,22,21
depthai_bridge,1,69,64,22,21
depthai_bridge_v3,1,76,64,22,21
depthai_descriptions,1,0,19,22,21
depthai_descriptions_v3,1,0,19,22,21
depthai_examples,1,93,65,22,21
depthai_examples_v3,1,101,65,22,21
depthai_ros_driver,1,99,65,22,21
depthai_ros_msgs,1,28,64,22,21
depthai_ros_msgs_v3,1,28,64,22,21
depthai_ros_v3,1,0,19,22,21
depthai_v3,1,0,19,22,21
derived_object_msgs,1,0,63,22,21
desktop,1,0,19,22,21
desktop_full,1,0,19,22,21
diagnostic_remote_logging,1,3,19,22,21
diagnostics,1,0,19,22,21
diff_drive_controller,1,89,35,22,21
dolly,1,0,19,22,21
dolly_follow,1,30,21,22,21
dolly_gazebo,1,0,19,22,21
dolly_ignition,1,0,19,22,21
draco_point_cloud_transport,1,34,21,22,21
ds_dbw,1,0,19,22,21
ds_dbw_can,1,30,21,22,21
ds_dbw_joystick_demo,1,30,21,22,21
ds_dbw_msgs,1,1,63,22,21
dual_arm_panda_moveit_config,1,0,19,22,21
dummy_map_server,1,31,21,22,21
dummy_robot_bringup,1,0,19,22,21
dummy_sensors,1,31,21,22,21
dwb_core,1,92,65,22,21
dwb_critics,1,94,65,22,21
dwb_msgs,1,19,63,22,21
dwb_plugins,1,89,64,22,21
dynamixel_hardware,1,79,31,22,21
dynamixel_hardware_interface,1,79,31,22,21
dynamixel_workbench,1,0,19,22,21
dynamixel_workbench_toolbox,1,0,19,22,21
easynav,1,84,21,22,21
easynav_bonxai_maps_manager,1,71,21,22,21
easynav_common,1,53,21,22,21
easynav_controller,1,77,21,22,21
easynav_core,1,75,21,22,21
easynav_costmap_common,1,59,21,22,21
easynav_costmap_localizer,1,74,21,22,21
easynav_costmap_maps_manager,1,72,21,22,21
easynav_costmap_planner,1,79,21,22,21
easynav_fusion_localizer,1,76,21,22,21
easynav_gps_localizer,1,72,21,22,21
easynav_localizer,1,77,21,22,21
easynav_maps_manager,1,78,21,22,21
easynav_mpc_controller,1,78,21,22,21
easynav_mppi_controller,1,78,21,22,21
easynav_navmap_localizer,1,78,64,22,21
easynav_navmap_maps_manager,1,71,64,22,21
easynav_navmap_planner,1,81,64,22,21
easynav_octomap_maps_manager,1,71,21,22,21
easynav_planner,1,77,21,22,21
easynav_regulated_pp_controller,1,79,21,22,21
easynav_routes_maps_manager,1,72,21,22,21
easynav_sensors,1,67,21,22,21
easynav_serest_controller,1,73,21,22,21
easynav_simple_common,1,57,21,22,21
easynav_simple_controller,1,74,21,22,21
easynav_simple_localizer,1,74,21,22,21
easynav_simple_maps_manager,1,76,21,22,21
easynav_simple_planner,1,79,21,22,21
easynav_system,1,75,21,22,21
easynav_vff_controller,1,73,21,22,21
ecl_build,1,0,19,22,21
ecl_license,1,0,19,22,21
ecl_tools,1,0,19,22,21
effort_controllers,1,88,35,22,21
eigen3_cmake_module,1,0,19,22,21
eigen_stl_containers,1,0,19,22,21
ess_imu_driver2,1,31,21,22,21
etsi_its_cam_coding,1,0,19,22,21
etsi_its_cam_conversion,1,2,19,22,21
etsi_its_cam_ts_coding,1,0,19,22,21
etsi_its_cam_ts_conversion,1,2,19,22,21
etsi_its_coding,1,0,19,22,21
etsi_its_conversion,1,51,21,22,21
etsi_its_cpm_ts_coding,1,0,19,22,21
etsi_its_cpm_ts_conversion,1,2,19,22,21
etsi_its_denm_coding,1,0,19,22,21
etsi_its_denm_conversion,1,2,19,22,21
etsi_its_denm_ts_coding,1,0,19,22,21
etsi_its_denm_ts_conversion,1,2,19,22,21
etsi_its_ivim_ts_coding,1,0,19,22,21
etsi_its_ivim_ts_conversion,1,2,19,22,21
etsi_its_mapem_ts_coding,1,0,19,22,21
etsi_its_mapem_ts_conversion,1,2,19,22,21
etsi_its_mcm_uulm_coding,1,0,19,22,21
etsi_its_mcm_uulm_conversion,1,2,19,22,21
etsi_its_messages,1,0,19,22,21
etsi_its_msgs,1,2,19,22,21
etsi_its_msgs_utils,1,68,21,22,21
etsi_its_primitives_conversion,1,0,19,22,21
etsi_its_rviz_plugins,1,92,22,22,21
etsi_its_spatem_ts_coding,1,0,19,22,21
etsi_its_spatem_ts_conversion,1,2,19,22,21
etsi_its_vam_ts_coding,1,0,19,22,21
etsi_its_vam_ts_conversion,1,2,19,22,21
event_camera_msgs,2,1,62,23,21
ewellix_description,1,0,19,22,21
ewellix_interfaces,1,0,63,22,21
ewellix_lift_common,1,0,19,22,21
ewellix_moveit_config,1,0,19,22,21
ewellix_sim,1,0,19,22,21
ewellix_viz,1,0,19,22,21
examples_rclcpp_async_client,1,29,21,22,21
examples_rclcpp_cbg_executor,1,29,21,22,21
examples_rclcpp_minimal_action_client,1,47,21,22,21
examples_rclcpp_minimal_action_server,1,47,21,22,21
examples_rclcpp_minimal_client,1,29,21,22,21
examples_rclcpp_minimal_composition,1,29,21,22,21
examples_rclcpp_minimal_publisher,1,29,21,22,21
examples_rclcpp_minimal_service,1,29,21,22,21
examples_rclcpp_minimal_subscriber,1,29,21,22,21
examples_rclcpp_minimal_timer,1,29,21,22,21
examples_rclcpp_multithreaded_executor,1,29,21,22,21
examples_rclcpp_wait_set,1,29,21,22,21
executive_smach,1,0,19,22,21
fadecandy_driver,1,38,21,22,21
fastrtps_cmake_module,1,0,19,22,21
feetech_ros2_driver,1,79,31,22,21
ffmpeg_image_transport_msgs,1,1,63,22,21
ffw,1,0,19,22,21
ffw_description,1,11,19,22,21
ffw_joint_trajectory_command_broadcaster,1,79,35,22,21
ffw_joystick_controller,1,84,35,22,21
ffw_moveit_config,1,0,19,22,21
ffw_navigation,1,33,21,22,21
ffw_robot_manager,1,86,35,22,21
ffw_spring_actuator_controller,1,84,35,22,21
filters,1,32,21,22,21
find_object_2d,1,60,64,22,21
fkie_message_filters,1,58,21,22,21
flex_sync,1,29,22,22,21
flexbe_behavior_engine,1,52,64,22,21
flir_camera_description,1,0,19,22,21
flir_ptu_description,1,0,19,22,21
flir_ptu_driver,1,37,21,22,21
flir_ptu_viz,1,0,19,22,21
fmi_adapter,1,28,21,22,21
fmi_adapter_examples,1,0,19,22,21
fmilibrary_vendor,1,0,19,22,21
force_torque_sensor_broadcaster,1,88,35,22,21
forward_command_controller,1,82,35,22,21
foxglove_bridge,1,37,32,22,21
foxglove_msgs,1,1,63,22,21
foxglove_sdk_vendor,1,0,19,22,21
franka_inria_inverse_dynamics_solver,1,47,32,22,21
fri_configuration_controller,1,93,35,22,21
fri_state_broadcaster,1,93,35,22,21
fuse,1,0,19,22,21
fusioncore_core,1,0,19,22,21
fusioncore_datasets,1,0,19,22,21
fusioncore_gazebo,1,0,19,22,21
fusioncore_ublox,1,30,21,22,21
game_controller_spl_interfaces,1,0,63,22,21
gc_spl_interfaces,1,0,63,22,21
geodesy,1,2,19,22,21
geographic_info,1,7,19,22,21
geographic_msgs,1,1,63,22,21
geometry2,1,0,19,22,21
geometry_tutorials,1,0,19,22,21
gpio_controllers,1,83,35,22,21
gps_sensor_broadcaster,1,83,35,22,21
gps_umd,1,0,19,22,21
gpsd_client,2,31,20,23,21
graph_msgs,1,1,63,22,21
grasping_msgs,1,7,63,22,21
grbl_msgs,1,3,63,22,21
greenwave_monitor_interfaces,1,0,63,22,21
grid_map,1,0,19,22,21
grid_map_core,1,0,19,22,21
grid_map_costmap_2d,1,89,65,22,21
grid_map_cv,1,39,21,22,21
grid_map_demos,1,96,65,22,21
grid_map_filters,1,57,64,22,21
grid_map_loader,1,60,64,22,21
grid_map_msgs,1,29,64,22,21
grid_map_octomap,1,1,19,22,21
grid_map_pcl,1,56,64,22,21
grid_map_ros,1,47,64,22,21
grid_map_rviz_plugin,1,95,65,22,21
grid_map_sdf,1,1,19,22,21
grid_map_visualization,1,55,64,22,21
gripper_controllers,1,92,35,22,21
gscam,1,41,21,22,21
gstreamer_ros_babel_fish,1,31,21,22,21
gurumdds_cmake_module,1,0,19,22,21
gz_ros2_control,1,129,35,22,21
gz_ros2_control_demos,1,138,35,22,21
hardware_interface_testing,1,77,31,22,21
hatchbed_common,1,49,21,22,21
heaphook,1,0,19,22,21
hebi_cpp_api,1,0,19,22,21
hitch_estimation_apriltag_array,1,0,19,22,21
hls_lfcd_lds_driver,1,31,21,22,21
husarion_components_description,1,41,21,22,21
husarion_gz_worlds,1,0,19,22,21
husarion_mecanum_drive_controller,1,90,35,22,21
husarion_ugv_description,1,0,19,22,21
ibeo_msgs,1,0,63,22,21
image_common,1,0,19,22,21
image_pipeline,1,0,19,22,21
image_tools,1,30,21,22,21
image_transport_plugins,1,0,19,22,21
imu_complementary_filter,1,50,21,22,21
imu_filter_madgwick,1,55,21,22,21
imu_pipeline,1,0,19,22,21
imu_processors,1,52,21,22,21
imu_sensor_broadcaster,1,82,35,22,21
imu_tools,1,0,19,22,21
imu_transformer,1,53,22,22,21
interactive_marker_twist_server,1,59,21,22,21
intra_process_demo,1,30,21,22,21
inverse_dynamics_solver,1,41,32,22,21
irobot_create_control,1,0,19,22,21
irobot_create_description,1,0,19,22,21
irobot_create_gz_bringup,1,0,19,22,21
irobot_create_gz_plugins,1,31,19,22,21
irobot_create_gz_sim,1,0,19,22,21
irobot_create_gz_toolbox,1,59,21,22,21
irobot_create_nodes,1,58,21,22,21
irobot_create_toolbox,1,31,21,22,21
jacro,1,0,19,22,21
joint_group_impedance_controller,1,93,35,22,21
joint_state_broadcaster,1,80,35,22,21
joint_state_topic_hardware_interface,1,80,31,22,21
joint_trajectory_controller,1,87,35,22,21
joy_linux,1,37,21,22,21
jsk_common_msgs,2,0,19,23,21
kartech_linear_actuator_msgs,1,0,63,22,21
kdl_inverse_dynamics_solver,1,49,32,22,21
keyboard_handler,1,0,19,22,21
kinematics_interface,1,30,21,22,21
kinematics_interface_kdl,2,42,21,23,21
kinematics_interface_pinocchio,2,46,21,23,21
kinova_gen3_6dof_robotiq_2f_85_moveit_config,1,0,19,22,21
kinova_gen3_7dof_robotiq_2f_85_moveit_config,1,0,19,22,21
kinova_gen3_lite_moveit_config,1,0,19,22,21
kobuki_ros_interfaces,1,3,63,22,21
kortex_api,1,0,19,22,21
kortex_description,1,0,19,22,21
kortex_driver,1,80,31,22,21
kuka_agilus_support,1,13,19,22,21
kuka_control_mode_handler,1,93,35,22,21
kuka_controllers,1,0,19,22,21
kuka_cybertech_support,1,13,19,22,21
kuka_drivers,1,0,19,22,21
kuka_event_broadcaster,1,93,35,22,21
kuka_fortec_support,1,13,19,22,21
kuka_gazebo,1,29,21,22,21
kuka_iiqka_eac_driver,1,95,35,22,21
kuka_iontec_support,1,13,19,22,21
kuka_kl_support,1,13,19,22,21
kuka_kr_moveit_config,1,13,19,22,21
kuka_lbr_iisy_moveit_config,1,13,19,22,21
kuka_lbr_iisy_support,1,13,19,22,21
kuka_lbr_iiwa_moveit_config,1,13,19,22,21
kuka_lbr_iiwa_support,1,13,19,22,21
kuka_mock_hardware_interface,1,80,31,22,21
kuka_quantec_support,1,13,19,22,21
kuka_resources,1,11,19,22,21
kuka_robot_descriptions,1,0,19,22,21
kuka_sunrise_fri_driver,1,92,35,22,21
laser_geometry,2,31,21,23,21
laser_proc,1,31,21,22,21
laser_segmentation,1,31,21,22,21
ld08_driver,1,31,21,22,21
lely_core_libraries,1,0,19,22,21
leo,1,0,19,22,21
leo_bringup,1,0,19,22,21
leo_description,1,0,19,22,21
leo_desktop,1,0,19,22,21
leo_examples,1,0,19,22,21
leo_filters,1,62,25,22,21
leo_gz_bringup,1,0,19,22,21
leo_gz_plugins,1,47,19,22,21
leo_gz_worlds,1,0,19,22,21
leo_msgs,1,0,63,22,21
leo_robot,1,0,19,22,21
leo_simulator,1,0,19,22,21
leo_teleop,1,0,19,22,21
leo_viz,1,0,19,22,21
libbno055_linux,1,55,21,22,21
libg2o,1,0,19,22,21
libmavconn,1,0,19,22,21
libphidget22,1,0,19,22,21
lifecycle,1,29,21,22,21
lightning_rrt,1,30,21,22,21
lms1xx,1,53,22,22,21
log_view,1,28,21,22,21
low_pass_filter,1,93,35,22,21
lusb,1,0,19,22,21
magnetometer_broadcaster,1,81,35,22,21
mapoi,1,0,19,22,21
mapoi_interfaces,1,1,63,22,21
mapoi_rviz_plugins,1,93,28,22,21
mapoi_server,1,58,64,22,21
mapoi_turtlebot3_example,1,58,64,22,21
mapviz,2,76,20,23,21
mapviz_plugins,1,84,21,22,21
mbf_abstract_core,1,1,19,22,21
mbf_abstract_nav,1,57,21,22,21
mbf_simple_core,1,61,21,22,21
mbf_simple_nav,1,58,21,22,21
mbf_test_utility,1,57,21,22,21
mbf_utility,1,57,21,22,21
mcap_vendor,2,2,19,23,21
mecanum_drive_controller,1,87,35,22,21
menge_vendor,1,0,19,22,21
message_tf_frame_transformer,1,56,22,22,21
micro_ros_msgs,1,0,63,22,21
microstrain_inertial_description,1,0,19,22,21
microstrain_inertial_examples,1,0,19,22,21
mobile_robot_simulator,1,56,21,22,21
mobileye_560_660_msgs,1,0,63,22,21
mocap4r2_msgs,1,28,64,22,21
mocap_optitrack,1,53,21,22,21
mola_gnss_to_markers,1,42,21,22,21
mola_state_estimation,1,17,19,22,21
motion_capture_tracking,1,54,21,22,21
motion_primitives_controllers,1,83,35,22,21
move_base_flex,1,0,19,22,21
moveit,1,0,19,22,21
moveit_common,1,1,19,22,21
moveit_core,3,81,24,24,21
moveit_hybrid_planning,1,113,26,22,21
moveit_kinematics,1,108,26,22,21
moveit_msgs,1,3,63,22,21
moveit_planners,1,0,19,22,21
moveit_planners_chomp,1,114,26,22,21
moveit_planners_ompl,2,112,25,23,21
moveit_planners_stomp,1,111,26,22,21
moveit_plugins,1,0,19,22,21
moveit_py,1,121,26,22,21
moveit_resources,1,0,19,22,21
moveit_resources_fanuc_description,1,0,19,22,21
moveit_resources_fanuc_moveit_config,1,0,19,22,21
moveit_resources_panda_description,1,0,19,22,21
moveit_resources_panda_moveit_config,1,0,19,22,21
moveit_resources_pr2_description,1,0,19,22,21
moveit_resources_prbt_ikfast_manipulator_plugin,1,111,26,22,21
moveit_resources_prbt_moveit_config,1,0,19,22,21
moveit_resources_prbt_pg70_support,1,0,19,22,21
moveit_resources_prbt_support,1,0,19,22,21
moveit_ros,1,0,19,22,21
moveit_ros_benchmarks,1,115,26,22,21
moveit_ros_control_interface,1,114,26,22,21
moveit_ros_move_group,1,109,26,22,21
moveit_ros_occupancy_map_monitor,2,109,25,23,21
moveit_ros_perception,1,107,26,22,21
moveit_ros_planning,2,98,25,23,21
moveit_ros_planning_interface,2,110,25,23,21
moveit_ros_robot_interaction,1,112,26,22,21
moveit_ros_tests,1,31,21,22,21
moveit_ros_trajectory_cache,1,120,26,22,21
moveit_ros_visualization,2,127,25,23,21
moveit_ros_warehouse,1,114,26,22,21
moveit_runtime,1,0,19,22,21
moveit_servo,1,115,26,22,21
moveit_setup_app_plugins,1,139,26,22,21
moveit_setup_assistant,1,139,26,22,21
moveit_setup_controllers,1,140,26,22,21
moveit_setup_core_plugins,1,137,26,22,21
moveit_setup_framework,1,131,26,22,21
moveit_setup_srdf_plugins,1,142,26,22,21
moveit_simple_controller_manager,1,113,26,22,21
moveit_task_constructor_capabilities,1,125,26,22,21
moveit_task_constructor_demo,1,130,26,22,21
moveit_task_constructor_msgs,1,11,63,22,21
moveit_task_constructor_visualization,1,141,26,22,21
moveit_visual_tools,1,129,26,22,21
mqtt_client,1,39,32,22,21
mqtt_client_interfaces,1,1,63,22,21
mrpt_generic_sensor,1,92,32,22,21
mrpt_map_server,1,89,34,22,21
mrpt_msgs_bridge,1,83,34,22,21
mrpt_navigation,1,116,34,22,21
mrpt_pointcloud_pipeline,1,86,34,22,21
mrpt_reactivenav2d,1,78,34,22,21
mrpt_sensor_bumblebee_stereo,1,94,32,22,21
mrpt_sensor_gnss_nmea,1,94,32,22,21
mrpt_sensor_gnss_novatel,1,94,32,22,21
mrpt_sensor_imu_taobotics,1,94,32,22,21
mrpt_sensorlib,1,92,32,22,21
mrpt_sensors,1,101,32,22,21
mrpt_tps_astar_planner,1,91,34,22,21
mujoco_3d_lidar,1,0,19,22,21
mujoco_ros2_control_demos,1,0,19,22,21
mujoco_ros2_control_plugins,1,54,21,22,21
multires_image,1,87,21,22,21
multisensor_calibration,1,82,22,22,21
multisensor_calibration_interface,1,0,63,22,21
nao_command_msgs,1,1,63,22,21
nao_lola,1,30,21,22,21
nao_lola_client,1,30,21,22,21
nao_lola_command_msgs,1,1,63,22,21
nao_lola_sensor_msgs,1,0,63,22,21
nao_meshes,1,0,19,22,21
nao_sensor_msgs,1,0,63,22,21
naoqi_bridge_msgs,1,3,63,22,21
naoqi_libqi,1,0,19,22,21
naoqi_libqicore,1,2,19,22,21
nav2_amcl,1,72,64,22,21
nav2_behavior_tree,1,69,64,22,21
nav2_behaviors,1,81,65,22,21
nav2_bringup,1,35,20,22,21
nav2_bt_navigator,1,83,65,22,21
nav2_collision_monitor,1,80,65,22,21
nav2_constrained_smoother,1,87,65,22,21
nav2_controller,1,94,65,22,21
nav2_core,1,83,65,22,21
nav2_costmap_2d,1,71,65,22,21
nav2_dwb_controller,1,102,65,22,21
nav2_graceful_controller,1,94,65,22,21
nav2_lifecycle_manager,1,71,64,22,21
nav2_map_server,1,72,64,22,21
nav2_minimal_tb3_sim,1,140,21,22,21
nav2_minimal_tb4_description,1,71,21,22,21
nav2_minimal_tb4_sim,1,141,21,22,21
nav2_msgs,1,40,64,22,21
nav2_navfn_planner,1,81,65,22,21
nav2_planner,1,81,65,22,21
nav2_regulated_pure_pursuit_controller,1,84,65,22,21
nav2_rotation_shim_controller,1,96,65,22,21
nav2_route,1,81,65,22,21
nav2_rviz_plugins,1,107,65,22,21
nav2_smac_planner,1,78,65,22,21
nav2_smoother,1,94,65,22,21
nav2_system_tests,1,154,65,22,21
nav2_theta_star_planner,1,84,65,22,21
nav2_util,1,62,64,22,21
nav2_velocity_smoother,1,75,64,22,21
nav2_voxel_grid,1,42,21,22,21
nav2_waypoint_follower,1,94,65,22,21
nav_2d_msgs,1,19,63,22,21
nav_2d_utils,1,81,64,22,21
navigation2,1,0,19,22,21
navmap_core,1,0,19,22,21
navmap_examples,1,68,64,22,21
navmap_ros,1,63,64,22,21
navmap_ros_interfaces,1,0,63,22,21
navmap_rviz_plugin,1,95,65,22,21
neo_nav2_bringup,1,107,22,22,21
neobotix_usboard_msgs,1,0,63,22,21
network_bridge,2,55,20,23,21
nlohmann_json_schema_validator_vendor,2,0,19,23,21
nobleo_socketcan_bridge,1,38,29,22,21
nonpersistent_voxel_layer,1,79,65,22,21
novatel_gps_driver,1,59,21,22,21
novatel_oem7_driver,2,61,21,23,21
ntpd_driver,1,31,21,22,21
ntrip_client_node,1,30,21,22,21
octomap_mapping,1,0,19,22,21
odom_to_tf_ros2,1,57,21,22,21
off_highway_can,1,38,21,22,21
off_highway_general_purpose_radar,1,40,21,22,21
off_highway_mm7p10,1,40,21,22,21
off_highway_premium_radar,2,39,21,23,21
off_highway_premium_radar_msgs,1,0,63,22,21
off_highway_premium_radar_sample,2,63,21,23,21
off_highway_radar,1,40,21,22,21
off_highway_sensor_drivers,1,0,19,22,21
off_highway_sensor_drivers_examples,1,30,21,22,21
off_highway_uss,1,40,21,22,21
om_gravity_compensation_controller,1,89,35,22,21
om_joint_trajectory_command_broadcaster,1,79,35,22,21
om_spring_actuator_controller,1,84,35,22,21
omni_wheel_drive_controller,1,82,35,22,21
open_manipulator,1,0,19,22,21
open_manipulator_collision,1,40,21,22,21
open_manipulator_description,1,0,19,22,21
open_manipulator_gui,1,118,26,22,21
open_manipulator_moveit_config,1,0,19,22,21
open_manipulator_playground,1,125,26,22,21
open_sound_control,1,0,19,22,21
open_sound_control_msgs,1,0,63,22,21
openeb_vendor,9,0,19,30,21
opennav_docking,1,95,65,22,21
opennav_docking_bt,1,89,65,22,21
opennav_docking_core,1,76,64,22,21
orbbec_camera,1,63,22,22,21
orbbec_camera_msgs,1,2,63,22,21
orbbec_description,1,0,19,22,21
osqp_vendor,2,0,19,23,21
ouxt_common,1,0,19,22,21
ouxt_lint_common,1,0,19,22,21
parallel_gripper_controller,1,92,35,22,21
parameter_traits,1,31,21,22,21
pcl_conversions,1,30,21,22,21
pcl_ros,1,56,29,22,21
pendulum_control,1,29,21,22,21
pendulum_msgs,1,0,63,22,21
pepper_meshes,1,0,19,22,21
perception,1,0,19,22,21
perception_pcl,1,0,19,22,21
persist_parameter_server,1,27,21,22,21
phidgets_drivers,1,0,19,22,21
phidgets_ik,1,0,19,22,21
phidgets_msgs,1,1,63,22,21
pid_controller,1,92,35,22,21
pilz_industrial_motion_planner,2,107,25,23,21
pilz_industrial_motion_planner_testutils,2,113,25,23,21
plansys2_bringup,1,67,65,22,21
plansys2_bt_actions,1,66,65,22,21
plansys2_core,1,36,64,22,21
plansys2_domain_expert,1,51,64,22,21
plansys2_executor,2,54,64,23,21
plansys2_lifecycle_manager,1,29,21,22,21
plansys2_msgs,1,29,64,22,21
plansys2_pddl_parser,1,32,64,22,21
plansys2_planner,1,50,64,22,21
plansys2_popf_plan_solver,1,38,64,22,21
plansys2_problem_expert,1,53,64,22,21
plansys2_terminal,1,63,65,22,21
plansys2_tests,1,59,65,22,21
plansys2_tools,1,59,64,22,21
play_motion2_msgs,1,2,63,22,21
play_motion_builder_msgs,1,2,63,22,21
plotjuggler,1,34,21,22,21
plotjuggler_ros,1,79,32,22,21
pluginlib,1,2,19,22,21
point_cloud_transport_plugins,1,0,19,22,21
pointcloud_conversions,1,60,21,22,21
pointcloud_to_laserscan,1,52,22,22,21
pointcloud_to_ply,1,62,21,22,21
polygon_demos,1,95,22,22,21
polygon_msgs,1,1,63,22,21
popf,1,29,21,22,21
pose_broadcaster,1,83,35,22,21
position_controllers,1,88,35,22,21
prox_mpc_controller,1,85,65,22,21
prox_mpc_core,1,35,21,22,21
prox_mpc_test_models,1,36,21,22,21
py_trees_ros_interfaces,1,3,63,22,21
python_cmake_module,2,0,19,23,21
python_orocos_kdl_vendor,3,4,19,24,21
python_qt_binding,1,0,19,22,21
qml6_ros2_plugin,1,60,32,22,21
qml_ros2_plugin,1,60,32,22,21
qt_dotgraph,1,0,19,22,21
qt_gui,1,0,19,22,21
qt_gui_app,1,0,19,22,21
qt_gui_core,1,0,19,22,21
qt_gui_cpp,1,6,19,22,21
qt_gui_py_common,1,0,19,22,21
quality_of_service_demo_cpp,1,27,21,22,21
quaternion_operation,1,53,27,22,21
radar_msgs,1,0,63,22,21
random_numbers,1,0,19,22,21
range_sensor_broadcaster,1,82,35,22,21
raph,1,0,19,22,21
raph_bringup,1,0,19,22,21
raph_description,1,0,19,22,21
raph_fw,1,0,19,22,21
raph_interfaces,1,0,63,22,21
raph_oak,1,90,68,22,21
raph_robot,1,0,19,22,21
raspimouse,1,50,21,22,21
raspimouse_description,1,159,36,22,21
raspimouse_fake,1,30,21,22,21
raspimouse_gazebo,1,170,36,22,21
raspimouse_navigation,1,208,69,22,21
raspimouse_ros2_examples,1,119,65,22,21
raspimouse_sim,1,0,19,22,21
raspimouse_slam,1,200,69,22,21
raspimouse_slam_navigation,1,0,19,22,21
rc_genicam_driver,1,46,21,22,21
rcgcd_spl_14,1,0,63,22,21
rcgcrd_spl_4,1,0,63,22,21
rclcpp_cascade_lifecycle,1,30,64,22,21
rclgd,1,53,32,22,21
rclpy_message_converter_msgs,1,0,63,22,21
rcss3d_agent_basic,1,31,21,22,21
rcss3d_agent_msgs,1,0,63,22,21
rcss3d_agent_msgs_to_soccer_interfaces,1,2,19,22,21
rcss3d_nao,1,34,21,22,21
rdl,1,0,19,22,21
rdl_benchmark,1,44,21,22,21
rdl_dynamics,1,29,21,22,21
rdl_urdfreader,1,41,21,22,21
realsense2_camera,1,61,21,22,21
realsense2_description,1,29,21,22,21
realtime_tools,1,47,21,22,21
replay_testing,1,0,19,22,21
rig_reconfigure,2,28,21,23,21
rko_lio,1,60,32,22,21
rmf_api_msgs,1,0,19,22,21
rmf_battery,2,1,0,23,21
rmf_building_sim_gz_plugins,1,73,21,22,21
rmf_demos_assets,1,0,19,22,21
rmf_dev,1,0,19,22,21
rmf_fleet_adapter,1,38,22,22,21
rmf_robot_sim_common,2,52,21,23,21
rmf_robot_sim_gz_plugins,1,103,21,22,21
rmf_task_ros2,1,41,22,22,21
rmf_traffic,2,0,0,23,21
rmf_traffic_editor_assets,1,0,19,22,21
rmf_traffic_ros2,1,31,22,22,21
rmf_visualization,1,0,19,22,21
rmf_visualization_fleet_states,1,32,21,22,21
rmf_visualization_floorplans,2,30,21,23,21
rmf_visualization_navgraphs,1,42,22,22,21
rmf_visualization_obstacles,1,31,21,22,21
rmf_visualization_rviz2_plugins,1,102,22,22,21
rmf_visualization_schedule,1,41,65,22,21
rmf_websocket,1,29,21,22,21
rmw_implementation,2,29,42,23,21
rmw_implementation_cmake,1,0,19,22,21
rmw_stats_shim,1,8,20,22,21
rmw_zenoh_cpp,1,6,42,22,21
roboplan_examples,1,18,19,22,21
roboplan_ros_cpp,1,71,23,22,21
roboplan_ros_franka,1,18,19,22,21
robot_calibration,1,78,65,22,21
robot_state_publisher,1,59,21,22,21
robotiq_controllers,1,83,31,22,21
robotiq_description,1,0,19,22,21
ros2_control,1,0,19,22,21
ros2_control_cmake,1,0,19,22,21
ros2_control_test_assets,1,0,19,22,21
ros2_controllers,1,0,19,22,21
ros2_medkit_action_status_bridge,2,33,21,23,21
ros2_medkit_beacon_common,2,46,32,23,21
ros2_medkit_cmake,1,0,19,22,21
ros2_medkit_diagnostic_bridge,2,31,21,23,21
ros2_medkit_fault_manager,2,41,32,23,21
ros2_medkit_fault_reporter,2,32,21,23,21
ros2_medkit_gateway,2,32,32,23,21
ros2_medkit_graph_provider,2,45,32,23,21
ros2_medkit_linux_introspection,3,48,31,24,21
ros2_medkit_log_bridge,2,31,21,23,21
ros2_medkit_param_beacon,2,47,32,23,21
ros2_medkit_serialization,2,27,32,23,21
ros2_medkit_sovd_service_interface,2,46,32,23,21
ros2_medkit_topic_beacon,2,45,32,23,21
ros2cli_common_extensions,1,0,19,22,21
ros2launch_security_examples,1,49,21,22,21
ros2lifecycle_test_fixtures,1,29,21,22,21
ros_babel_fish,1,45,32,22,21
ros_babel_fish_tools,1,53,32,22,21
ros_base,1,0,19,22,21
ros_core,1,0,19,22,21
ros_gz,1,0,19,22,21
ros_gz_image,2,64,20,23,21
ros_gz_sim_demos,1,48,19,22,21
ros_image_to_qimage,3,35,21,24,21
rosbag2,1,0,19,22,21
rosbag2_compression,1,36,32,22,21
rosbag2_compression_zstd,1,39,32,22,21
rosbag2_cpp,1,27,32,22,21
rosbag2_examples_cpp,1,38,32,22,21
rosbag2_performance_benchmarking,1,43,32,22,21
rosbag2_storage,1,31,21,22,21
rosbag2_storage_broll,1,43,32,22,21
rosbag2_storage_default_plugins,1,0,19,22,21
rosbag2_test_common,3,27,21,24,21
rosbag2_tests,1,0,19,22,21
rosbag_timing_inspector,1,38,32,22,21
rosbot,1,149,36,22,21
rosbot_bringup,1,0,19,22,21
rosbot_controller,1,0,19,22,21
rosbot_description,1,0,19,22,21
rosbot_gazebo,1,0,19,22,21
rosbot_hardware_interfaces,1,97,35,22,21
rosbot_joy,1,0,19,22,21
rosbot_localization,1,0,19,22,21
rosbot_mavlink_bridge,1,30,21,22,21
rosbot_moveit,1,120,26,22,21
rosbridge_suite,1,0,19,22,21
rosidl_core_runtime,1,8,47,22,21
rosidl_default_runtime,1,17,47,22,21
rosidl_generator_dds_idl,1,0,19,22,21
rosidl_parser,1,0,19,22,21
rosidl_runtime_cpp,1,3,19,22,21
rosidl_typesupport_interface,1,0,19,22,21
rosidlcpp_generator_core,1,0,19,22,21
rosidlcpp_parser,1,0,19,22,21
rosidlcpp_typesupport_introspection_c,1,2,20,22,21
rosx_introspection,1,37,32,22,21
rot_conv,2,0,19,23,21
rplidar_driver,1,54,21,22,21
rqml,1,0,19,22,21
rqml_core,1,67,32,22,21
rqml_default_plugins,1,75,32,22,21
rqml_plugin_example,1,75,32,22,21
rqt_common_plugins,1,0,19,22,21
rqt_gui_cpp,1,32,21,22,21
rqt_image_overlay,1,42,21,22,21
rqt_image_overlay_layer,1,31,21,22,21
rqt_image_view,1,39,21,22,21
rqt_py_common,1,28,20,22,21
rslidar_msg,1,28,64,22,21
rslidar_sdk,1,30,21,22,21
rt_manipulators_cpp,1,0,19,22,21
rt_manipulators_examples,1,34,21,22,21
rt_usb_9axisimu_driver,1,30,21,22,21
rtabmap_conversions,1,70,22,22,21
rtabmap_demos,1,0,19,22,21
rtabmap_examples,1,0,19,22,21
rtabmap_launch,1,0,19,22,21
rtabmap_ros,1,0,19,22,21
rtabmap_util,1,96,65,22,21
rti_connext_dds_cmake_module,1,0,19,22,21
rtsp_image_transport,1,40,21,22,21
rttest,1,0,19,22,21
rviz2,1,80,22,22,21
rviz_2d_overlay_plugins,1,79,22,22,21
rviz_common,1,66,22,22,21
rviz_imu_plugin,1,73,22,22,21
rviz_marker_tools,2,56,21,23,21
rviz_mbf_plugins,1,79,22,22,21
rviz_rendering_tests,1,12,21,22,21
rviz_satellite,1,92,22,22,21
rviz_visual_testing_framework,1,73,24,22,21
rviz_visual_tools,2,83,21,23,21
scenario_execution_interfaces,1,0,63,22,21
scenario_execution_rviz,1,79,22,22,21
sdl2_vendor,1,0,19,22,21
self_test,1,37,21,22,21
septentrio_gnss_driver,1,56,64,22,21
shared_queues_vendor,1,0,19,22,21
sick_safetyscanners2,1,41,21,22,21
sick_safetyscanners2_interfaces,1,3,63,22,21
sick_safevisionary_driver,1,34,21,22,21
sick_safevisionary_tests,1,0,19,22,21
sick_scan_xd,1,53,64,22,21
simple_grasping,1,60,21,22,21
simulation,1,0,19,22,21
slam_toolbox,1,79,65,22,21
slg_msgs,1,1,63,22,21
slider_publisher,1,0,19,22,21
smacc2,1,45,21,22,21
snowbot_operating_system,1,80,30,22,21
so_arm_100_hardware,1,78,31,22,21
soccer_geometry_msgs,1,2,63,22,21
soccer_interfaces,1,0,19,22,21
soccer_model_msgs,1,1,63,22,21
sol_vendor,2,0,19,23,21
spacenav,1,30,21,22,21
spatio_temporal_voxel_layer,1,85,65,22,21
splsm_7,1,0,63,22,21
sros2_cmake,1,0,19,22,21
state_interfaces_broadcaster,1,83,35,22,21
steering_controllers_library,1,86,35,22,21
swri_console,1,53,32,22,21
swri_console_util,1,29,21,22,21
swri_dbw_interface,1,0,19,22,21
swri_geometry_util,1,8,19,22,21
swri_image_util,1,45,21,22,21
swri_math_util,1,29,21,22,21
swri_opencv_util,1,35,21,22,21
swri_route_util,1,75,21,22,21
swri_serial_util,1,0,19,22,21
synapticon_ros2_control,1,78,31,22,21
sync_tooling_msgs,2,0,19,23,21
system_modes,1,28,21,22,21
system_modes_examples,1,29,21,22,21
system_webview,1,28,21,22,21
tango_icons_vendor,1,0,19,22,21
tcb_span,1,0,19,22,21
teleop_tools,1,0,19,22,21
teleop_twist_joy,1,30,21,22,21
tensorrt_cmake_module,1,0,19,22,21
tf2_2d,1,56,21,22,21
tf2_bullet,1,53,21,22,21
tf2_eigen,1,53,21,22,21
tf2_eigen_kdl,1,10,19,22,21
tf2_kdl,1,55,21,22,21
tf2_web_republisher,1,50,21,22,21
tf2_web_republisher_interfaces,1,3,63,22,21
tf_namespace_bridge,1,45,25,22,21
tile_map,1,87,21,22,21
tinyxml2_vendor,1,0,19,22,21
tinyxml_vendor,1,0,19,22,21
tl_expected,1,0,19,22,21
tlsf,1,14,19,22,21
tlsf_cpp,1,42,21,22,21
topic_statistics_demo,1,29,21,22,21
topic_tools_interfaces,1,0,63,22,21
trac_ik,1,0,19,22,21
trac_ik_kinematics_plugin,1,114,26,22,21
trac_ik_lib,1,40,21,22,21
trackdlo_bringup,1,0,19,22,21
tricycle_controller,1,80,35,22,21
tricycle_steering_controller,1,93,35,22,21
turbojpeg_compressed_image_transport,1,42,21,22,21
turtle_nest,1,1,19,22,21
turtle_tf2_cpp,1,64,21,22,21
turtlebot3,1,0,19,22,21
turtlebot3_applications,1,0,19,22,21
turtlebot3_autorace,1,0,19,22,21
turtlebot3_bringup,1,0,19,22,21
turtlebot3_cartographer,1,0,19,22,21
turtlebot3_description,1,13,19,22,21
turtlebot3_follower,1,58,64,22,21
turtlebot3_gazebo,1,125,21,22,21
turtlebot3_home_service_challenge,1,0,19,22,21
turtlebot3_home_service_challenge_manipulator,1,124,26,22,21
turtlebot3_home_service_challenge_tools,1,0,19,22,21
turtlebot3_manipulation,1,0,19,22,21
turtlebot3_manipulation_bringup,1,0,19,22,21
turtlebot3_manipulation_cartographer,1,0,19,22,21
turtlebot3_manipulation_description,1,0,19,22,21
turtlebot3_manipulation_hardware,1,80,31,22,21
turtlebot3_manipulation_moveit_config,1,0,19,22,21
turtlebot3_manipulation_navigation2,1,0,19,22,21
turtlebot3_manipulation_teleop,1,33,21,22,21
turtlebot3_navigation2,1,0,19,22,21
turtlebot3_node,1,49,21,22,21
turtlebot3_panorama,1,63,21,22,21
turtlebot3_simulations,1,0,19,22,21
turtlebot4_base,1,48,21,22,21
turtlebot4_bringup,1,130,65,22,21
turtlebot4_description,1,69,21,22,21
turtlebot4_desktop,1,93,22,22,21
turtlebot4_gz_bringup,1,162,22,22,21
turtlebot4_gz_gui_plugins,1,31,19,22,21
turtlebot4_gz_toolbox,1,47,21,22,21
turtlebot4_msgs,1,1,63,22,21
turtlebot4_node,1,47,21,22,21
turtlebot4_robot,1,144,65,22,21
turtlebot4_setup,1,0,19,22,21
turtlebot4_simulator,1,179,22,22,21
turtlebot4_viz,1,90,22,22,21
tuw_geometry,1,31,29,22,21
tuw_msgs,1,35,21,22,21
tvm_vendor,1,0,19,22,21
twist_mux,1,37,21,22,21
twist_mux_controller,1,83,35,22,21
ublox,1,0,19,22,21
ublox_dgnss,1,38,64,22,21
ublox_dgnss_node,1,30,64,22,21
ublox_nav_sat_fix_hp_node,1,31,64,22,21
ublox_serialization,1,0,19,22,21
ublox_ubx_interfaces,1,0,63,22,21
ublox_ubx_msgs,1,0,63,22,21
udp_msgs,1,1,63,22,21
ur,1,0,19,22,21
ur10_inverse_dynamics_solver,1,48,32,22,21
ur_calibration,1,112,35,22,21
ur_controllers,1,87,35,22,21
ur_dashboard_msgs,1,3,63,22,21
ur_description,1,0,19,22,21
ur_moveit_config,1,0,19,22,21
ur_simulation_gz,1,0,19,22,21
urdf_launch,1,96,22,22,21
urdf_tutorial,1,0,19,22,21
urg_c,1,0,19,22,21
urg_node,1,37,64,22,21
urg_node_msgs,1,0,63,22,21
vector_pursuit_controller,1,84,65,22,21
velocity_controllers,1,88,35,22,21
velodyne,1,0,19,22,21
velodyne_description,1,0,19,22,21
velodyne_pointcloud,1,54,21,22,21
vision_opencv,1,0,19,22,21
vrpn_mocap,2,29,21,23,21
warehouse_ros,1,58,21,22,21
warehouse_ros_sqlite,1,64,21,22,21
webots_ros2_control,1,103,35,22,21
webots_ros2_driver,3,60,21,24,21
wireless_msgs,1,0,63,22,21
yasmin_msgs,1,3,63,22,21
yasmin_pcl,1,40,21,22,21
zbar_ros,1,34,21,22,21
zbar_ros_interfaces,1,0,63,22,21
zed_description,1,0,25,22,21
zed_msgs,1,0,63,22,21
zenoh_bridge_dds,1,0,19,22,21
zlib_point_cloud_transport,1,37,21,22,21
zstd_image_transport,1,39,21,22,21
zstd_point_cloud_transport,1,37,21,22,21
ament_index_cpp,2,0,18,22,20
auto_apms_behavior_tree,2,74,24,22,20
auto_apms_behavior_tree_core,2,63,24,22,20
auto_apms_util,2,60,24,22,20
beluga_ros,2,62,20,22,20
classic_bags,2,48,31,22,20
clearpath_config_live,2,0,18,22,20
color_util,2,1,18,22,20
compass_conversions,2,58,20,22,20
controller_interface,2,78,30,22,20
crane_plus_description,2,159,35,22,20
cras_cpp_common,2,53,20,22,20
cras_topic_tools,2,56,20,22,20
crazyflie,2,35,20,22,20
crazyflie_examples,2,59,20,22,20
crazyflie_sim,2,31,19,22,20
depthai_ros_driver_v3,2,87,63,22,20
diagnostic_aggregator,2,37,20,22,20
diagnostic_common_diagnostics,2,0,18,22,20
dynamixel_sdk,2,0,18,22,20
dynamixel_sdk_examples,2,34,20,22,20
eventdispatch_ros2,2,34,20,22,20
flexbe_testing,2,50,63,22,20
flexbe_widget,2,52,63,22,20
gps_tools,2,35,20,22,20
hardware_interface,2,68,30,22,20
interactive_markers,2,55,20,22,20
irobot_create_common_bringup,2,0,18,22,20
joint_limits,2,59,20,22,20
kortex_bringup,2,0,18,22,20
kuka_rsi_driver,2,96,34,22,20
launch_frontend_py,2,1,18,22,20
leo_example_follow_aruco_marker,2,44,24,22,20
leo_example_line_follower,2,44,24,22,20
leo_example_object_detection,2,0,18,22,20
leo_fw,2,31,20,22,20
magnetic_model,2,56,20,22,20
magnetometer_compass,2,57,21,22,20
mapoi_webui,2,56,20,22,20
mavlink,3,0,18,23,20
mavros,3,56,20,23,20
mavros_examples,3,73,20,23,20
mavros_extras,3,60,20,23,20
moveit_task_constructor_core,2,121,25,22,20
mrpt_pf_localization,2,88,33,22,20
mrpt_tutorials,2,0,20,22,20
mujoco_ros2_control,3,93,34,23,20
polygon_utils,2,2,18,22,20
py_binding_tools,2,31,20,22,20
pymoveit2,2,0,18,22,20
raph_teleop,2,0,18,22,20
roboplan,2,11,18,22,20
roboplan_cartesian_planning,2,18,18,22,20
roboplan_example_models,2,0,18,22,20
roboplan_oink,2,16,18,22,20
roboplan_ros_visualization,2,81,22,22,20
roboplan_rrt,2,16,18,22,20
roboplan_simple_ik,2,16,18,22,20
roboplan_toppra,2,16,18,22,20
ros2_helper,2,31,20,22,20
ros2_medkit_integration_tests,3,47,20,23,20
ros_gz_sim,3,99,19,23,20
rosapi,2,0,18,22,20
rosbag2_storage_mcap,2,36,20,22,20
rosbag2_storage_sqlite3,2,33,20,22,20
rosbag2rawlog,2,79,33,22,20
rosbot_utils,2,45,24,22,20
rosidl_cmake,3,0,18,23,20
rosidlcpp_generator_c,2,1,20,22,20
rosidlcpp_generator_cpp,2,1,20,22,20
rosidlcpp_generator_type_description,2,2,18,22,20
simple_actions,2,48,20,22,20
simple_term_menu_vendor,2,0,18,22,20
smach,2,0,18,22,20
smach_ros,2,0,18,22,20
smclib,2,0,18,22,20
srdfdom,2,9,18,22,20
swri_transform_util,3,60,19,23,20
tf2_ros,2,46,20,22,20
toppra,2,0,18,22,20
trackdlo_core,2,73,31,22,20
transmission_interface,2,80,30,22,20
turtlebot4_navigation,2,98,21,22,20
unbag,2,0,18,22,20
ur_robot_driver,2,97,34,22,20
vision_msgs_rviz_plugins,2,94,21,22,20
xacro,2,0,18,22,20
yasmin,2,0,18,22,20
yasmin_demos,2,65,63,22,20
yasmin_editor,2,73,63,22,20
yasmin_factory,2,62,63,22,20
yasmin_ros,2,56,20,22,20
yasmin_viewer,2,67,63,22,20
angles,3,0,17,22,19
controller_manager,3,81,33,22,19
magnetometer_pipeline,3,58,19,22,19
sound_play,3,4,17,22,19
ament_cmake_flake8,3,0,4,17,14
performance_test_fixture,5,1,6,17,12
lanelet2_core,2,0,9,13,11
lanelet2_examples,2,5,9,13,11
lanelet2_io,2,1,9,13,11
lanelet2_maps,2,0,9,13,11
lanelet2_matching,2,2,9,13,11
lanelet2_projection,2,4,9,13,11
lanelet2_python,2,4,9,13,11
lanelet2_routing,2,1,9,13,11
lanelet2_traffic_rules,2,2,9,13,11
lanelet2_validation,2,4,9,13,11
ament_cmake_black,3,0,4,13,10
gz_cmake_vendor,5,0,7,15,10
gz_common_vendor,5,0,7,15,10
gz_fuel_tools_vendor,4,0,7,14,10
gz_gui_vendor,4,21,7,14,10
gz_launch_vendor,4,39,7,14,10
gz_math_vendor,4,0,7,14,10
gz_msgs_vendor,4,1,7,14,10
gz_physics_vendor,4,12,7,14,10
gz_plugin_vendor,4,0,7,14,10
gz_rendering_vendor,4,20,7,14,10
gz_sensors_vendor,4,24,7,14,10
gz_sim_vendor,4,32,7,14,10
gz_tools_vendor,4,0,7,14,10
gz_transport_vendor,4,0,7,14,10
gz_utils_vendor,4,0,7,14,10
sdformat_vendor,4,0,7,14,10
ament_cmake_clang_format,3,0,4,12,9
ament_cmake_clang_tidy,3,0,4,12,9
ament_cmake_gmock,5,0,6,14,9
ament_cmake_pep257,3,0,4,12,9
ament_cmake_xmllint,3,0,4,12,9
ament_cmake_copyright,3,0,4,11,8
ament_cmake_cppcheck,3,0,4,11,8
ament_cmake_mypy,3,0,4,11,8
ament_cmake_pycodestyle,3,0,4,11,8
ament_cmake_pyflakes,3,0,4,11,8
autoware_lint_common,3,0,5,11,8
ament_cmake_catch2,2,0,4,9,7
ament_cmake_cpplint,3,0,4,10,7
ament_cmake_google_benchmark,3,0,5,10,7
ament_cmake_gtest,4,0,4,11,7
ament_cmake_lint_cmake,3,0,4,10,7
ament_cmake_pclint,3,0,4,10,7
ament_cmake_pytest,3,0,4,10,7
ament_cmake_vendor_package,4,0,5,11,7
ament_lint_auto,2,0,4,9,7
ament_lint_common,2,0,5,9,7
cras_lint,2,0,4,9,7
roboplan_ros_examples,1,0,5,8,7
simple_launch,1,33,20,8,7
ament_acceleration,1,0,4,7,6
ament_cmake_export_definitions,1,0,4,7,6
ament_cmake_export_dependencies,2,0,4,8,6
ament_cmake_export_include_directories,1,0,4,7,6
ament_cmake_export_interfaces,2,0,4,8,6
ament_cmake_export_libraries,1,0,4,7,6
ament_cmake_export_link_flags,1,0,4,7,6
ament_cmake_export_targets,2,0,4,8,6
ament_cmake_include_directories,1,0,4,7,6
ament_cmake_libraries,1,0,4,7,6
ament_cmake_python,1,0,4,7,6
ament_cmake_target_dependencies,3,0,4,9,6
ament_cmake_test,2,0,4,8,6
ament_cmake_version,1,0,4,7,6
ament_vitis,1,1,27,7,6
grid_map_cmake_helpers,1,0,4,7,6
lanelet2,2,0,4,8,6
nav2_common,1,31,20,7,6
ros_environment,1,0,4,7,6
rosidl_adapter,2,14,7,8,6
rosidlcpp_typesupport_c,1,3,28,7,6
rosidlcpp_typesupport_cpp,1,3,31,7,6
test_interface_files,1,0,4,7,6
ament_cmake_gen_version_h,2,0,3,7,5
mrt_cmake_modules,8,0,2,12,4
ament_cmake_core,3,0,1,6,3
ackermann_nlmpc,0,1,0,0,0
action_tutorials_py,0,0,0,0,0
adaptive_bridge,0,29,21,0,0
adi_imu,0,42,65,0,0
ament_black,0,0,0,0,0
ament_clang_format,0,0,0,0,0
ament_clang_tidy,0,0,0,0,0
ament_copyright,0,0,0,0,0
ament_cppcheck,0,0,0,0,0
ament_cpplint,0,0,0,0,0
ament_flake8,0,0,0,0,0
ament_index_python,0,0,0,0,0
ament_lint,0,0,0,0,0
ament_lint_cmake,0,0,0,0,0
ament_mypy,0,0,0,0,0
ament_package,1,0,0,1,0
ament_pclint,0,0,0,0,0
ament_pep257,0,0,0,0,0
ament_pycodestyle,0,0,0,0,0
ament_pyflakes,0,0,0,0,0
ament_uncrustify,0,0,0,0,0
ament_xmllint,0,0,0,0,0
apriltag,1,0,0,1,0
apriltag_mit,1,0,0,1,0
auto_apms_ros2behavior,0,81,26,0,0
aws_robomaker_small_warehouse_world,0,0,0,0,0
axis_camera,0,0,0,0,0
azure_iot_sdk_c,1,0,0,1,0
backward_ros,1,0,0,1,0
beluga,1,2,0,1,0
bno055,0,0,0,0,0
bondpy,0,0,0,0,0
camera_calibration,0,40,22,0,0
camera_info_manager_py,0,30,21,0,0
canopen_utils,0,27,21,0,0
cartographer,1,0,0,1,0
clearpath_bt_joy,0,0,0,0,0
clearpath_config,0,0,0,0,0
clearpath_tests,0,0,0,0,0
coal,1,1,0,1,0
colcon_rclgd,0,0,0,0,0
control_box_rst,1,0,0,1,0
crazyflie_py,0,31,21,0,0
crazyflie_server_py,0,54,22,0,0
create3_examples_py,0,29,21,0,0
create3_teleop,0,0,0,0,0
crocoddyl,1,8,0,1,0
cyclonedds,1,2,0,1,0
demo_nodes_py,0,0,0,0,0
domain_coordinator,0,0,0,0,0
dynamic_edt_3d,1,0,0,1,0
easynav_support_py,0,0,0,0,0
easynav_tools,0,29,21,0,0
ecal,0,0,0,0,0
eigenpy,1,1,0,1,0
eiquadprog,1,1,0,1,0
eventdispatch_python,0,0,0,0,0
examples_rclpy_executors,0,0,0,0,0
examples_rclpy_guard_conditions,0,0,0,0,0
examples_rclpy_minimal_action_client,0,0,0,0,0
examples_rclpy_minimal_action_server,0,0,0,0,0
examples_rclpy_minimal_client,0,0,0,0,0
examples_rclpy_minimal_publisher,0,0,0,0,0
examples_rclpy_minimal_service,0,0,0,0,0
examples_rclpy_minimal_subscriber,0,0,0,0,0
examples_rclpy_pointcloud_publisher,0,0,0,0,0
examples_tf2_py,0,0,0,0,0
fastcdr,1,0,0,1,0
fastrtps,1,0,0,1,0
ffw_bringup,0,151,32,0,0
ffw_teleop,0,28,21,0,0
fibar_lib,1,0,0,1,0
fields2cover,1,0,0,1,0
flexbe_core,0,41,65,0,0
flexbe_input,0,44,65,0,0
flexbe_mirror,0,44,65,0,0
flexbe_onboard,0,51,65,0,0
flexbe_states,0,51,65,0,0
foonathan_memory_vendor,2,0,0,2,0
game_controller_spl,0,0,0,0,0
gc_spl,0,0,0,0,0
gc_spl_2022,0,0,0,0,0
generate_parameter_library_py,0,0,0,0,0
gmock_vendor,1,0,0,1,0
google_benchmark_vendor,2,0,0,2,0
grbl_ros,0,28,21,0,0
gtest_vendor,1,0,0,1,0
gtsam,1,0,0,1,0
gtsam2mrpt_serial,1,5,0,1,0
hpp-fcl,1,1,0,1,0
iceoryx_binding_c,1,2,0,1,0
iceoryx_hoofs,1,0,0,1,0
iceoryx_introspection,1,2,0,1,0
iceoryx_posh,2,2,0,2,0
ifm3d_core,1,36,21,1,0
ign_rviz,0,0,0,0,0
ign_rviz_common,0,0,0,0,0
ign_rviz_plugins,0,0,0,0,0
insight_gui,0,0,0,0,0
joint_state_publisher,0,0,0,0,0
joint_state_publisher_gui,0,0,0,0,0
joy_teleop,0,0,0,0,0
joy_tester,0,30,21,0,0
jrl_cmakemodules,1,0,0,1,0
key_teleop,0,0,0,0,0
kitti_metrics_eval,1,4,0,1,0
kompass,0,70,22,0,0
kuka_external_control_sdk,1,1,0,1,0
kuka_external_control_sdk_examples,1,6,0,1,0
kuka_rsi_simulator,0,0,0,0,0
laser_filters,0,62,29,0,0
launch,0,0,0,0,0
launch_pal,0,32,21,0,0
launch_param_builder,0,0,0,0,0
launch_pytest,0,0,0,0,0
launch_ros,0,27,21,0,0
launch_system_modes,0,28,21,0,0
launch_testing,0,0,0,0,0
launch_testing_examples,0,0,0,0,0
launch_testing_ros,0,0,0,0,0
launch_xml,0,1,0,0,0
launch_yaml,0,1,0,0,0
lgsvl_msgs,0,0,64,0,0
libcamera,3,0,0,3,0
libnabo,1,0,0,1,0
libpointmatcher,1,0,0,1,0
librealsense2,1,0,0,1,0
lifecycle_py,0,0,0,0,0
linux_isolate_process,0,0,0,0,0
live555_vendor,1,0,0,1,0
lvr2,1,0,0,1,0
magic_enum,1,0,0,1,0
microstrain_inertial_rqt,0,28,21,0,0
mola,1,104,32,1,0
mola_academic_datasets,1,13,0,1,0
mola_georeferencing,1,16,0,1,0
mola_gtsam_factors,1,7,0,1,0
mola_imu_preintegration,1,7,0,1,0
mola_input_euroc_dataset,1,8,0,1,0
mola_input_kitti360_dataset,1,9,0,1,0
mola_input_kitti_dataset,1,9,0,1,0
mola_input_lidar_bin_dataset,1,9,0,1,0
mola_input_mulran_dataset,1,8,0,1,0
mola_input_ouster,1,7,0,1,0
mola_input_paris_luco_dataset,1,9,0,1,0
mola_input_rawlog,1,10,0,1,0
mola_input_rosbag1,1,64,21,1,0
mola_input_rosbag2,1,81,32,1,0
mola_input_video,1,14,0,1,0
mola_kernel,1,7,0,1,0
mola_pose_list,1,7,0,1,0
mola_relocalization,1,14,0,1,0
mola_state_estimation_simple,1,9,0,1,0
mola_traj_tools,1,5,0,1,0
mola_viz,1,10,0,1,0
mola_viz_imgui,1,8,0,1,0
mola_yaml,1,0,0,1,0
mouse_teleop,0,0,0,0,0
moveit_configs_utils,0,0,0,0,0
mp2p_icp,1,15,0,1,0
mp2p_icp_core,1,5,0,1,0
mp2p_icp_viz,1,12,0,1,0
mrpt_apps,1,28,7,1,0
mrpt_apps_cli,1,25,0,1,0
mrpt_apps_gui,1,30,0,1,0
mrpt_bayes,1,9,0,1,0
mrpt_common,1,0,0,1,0
mrpt_comms,1,4,0,1,0
mrpt_config,1,4,0,1,0
mrpt_containers,1,0,0,1,0
mrpt_core,1,0,0,1,0
mrpt_data,1,0,0,1,0
mrpt_examples_cpp,1,29,0,1,0
mrpt_expr,1,3,0,1,0
mrpt_graphs,1,13,0,1,0
mrpt_graphslam,1,25,0,1,0
mrpt_gui,1,17,0,1,0
mrpt_hwdrivers,1,19,0,1,0
mrpt_img,1,9,0,1,0
mrpt_imgui,1,18,0,1,0
mrpt_io,1,3,0,1,0
mrpt_kinematics,1,15,0,1,0
mrpt_libapps,1,9,0,1,0
mrpt_libapps_cli,1,22,0,1,0
mrpt_libapps_gui,1,29,0,1,0
mrpt_libbase,1,0,0,1,0
mrpt_libgui,1,6,0,1,0
mrpt_libhwdrivers,1,9,0,1,0
mrpt_libmaps,1,7,0,1,0
mrpt_libmath,1,0,0,1,0
mrpt_libnav,1,8,0,1,0
mrpt_libobs,1,5,0,1,0
mrpt_libopengl,1,4,0,1,0
mrpt_libposes,1,3,0,1,0
mrpt_libros_bridge,1,74,32,1,0
mrpt_libslam,1,8,0,1,0
mrpt_libtclap,1,0,0,1,0
mrpt_maps,1,18,0,1,0
mrpt_math,1,4,0,1,0
mrpt_nav,1,19,0,1,0
mrpt_obs,1,15,0,1,0
mrpt_opengl,1,14,0,1,0
mrpt_path_planning,1,98,32,1,0
mrpt_poses,1,11,0,1,0
mrpt_random,1,0,0,1,0
mrpt_rtti,1,0,0,1,0
mrpt_serialization,1,2,0,1,0
mrpt_slam,1,20,0,1,0
mrpt_system,1,2,0,1,0
mrpt_tfest,1,12,0,1,0
mrpt_topography,1,8,0,1,0
mrpt_typemeta,1,0,0,1,0
mrpt_viz,1,13,0,1,0
nanoeigenpy,1,0,0,1,0
nanoflann_vendor,1,0,0,1,0
nao_button_sim,0,0,0,0,0
nav2_loopback_sim,0,0,0,0,0
nav2_simple_commander,0,0,0,0,0
ndcurves,1,9,0,1,0
nmea_hardware_interface,0,0,0,0,0
nmea_navsat_driver,0,0,0,0,0
nodl_python,0,0,0,0,0
nodl_to_policy,0,0,0,0,0
ntrip_client,0,29,21,0,0
octomap,1,0,0,1,0
octovis,1,0,0,1,0
odri_master_board_sdk,1,0,0,1,0
ompl,1,0,0,1,0
open3d_conversions,0,0,0,0,0
open_manipulator_bringup,0,151,32,0,0
open_manipulator_teleop,0,29,21,0,0
open_sound_control_bridge,0,0,0,0,0
osrf_pycommon,0,0,0,0,0
osrf_testing_tools_cpp,1,0,0,1,0
pangolin,1,0,0,1,0
pfs,0,0,0,0,0
picknik_ament_copyright,0,0,0,0,0
pinocchio,2,4,0,2,0
play_motion2_cli,0,0,0,0,0
protobuf_comm,1,0,0,1,0
proxsuite,1,0,0,1,0
py_trees,0,0,0,0,0
py_trees_js,0,0,0,0,0
py_trees_ros,0,27,21,0,0
py_trees_ros_tutorials,0,0,0,0,0
py_trees_ros_viewer,0,0,0,0,0
python_mrpt,1,65,21,1,0
quality_of_service_demo_py,0,0,0,0,0
r2r_spl_7,0,0,0,0,0
rc_dynamics_api,1,0,0,1,0
rc_genicam_api,1,0,0,1,0
rc_reason_clients,0,32,21,0,0
rcdiscover,1,0,0,1,0
rcgcd_spl_14_conversion,0,0,0,0,0
rcgcrd_spl_4_conversion,0,0,0,0,0
rclgd_cli,0,0,0,0,0
rclpy_message_converter,0,27,65,0,0
reductstore_agent,0,28,21,0,0
rmf_building_map_tools,0,0,0,0,0
rmf_charging_schedule,0,28,21,0,0
rmf_demos_bridges,0,0,0,0,0
rmf_demos_fleet_adapter,0,0,0,0,0
rmf_demos_tasks,0,0,0,0,0
rmf_fleet_adapter_python,0,68,23,0,0
rmf_task,1,2,1,1,0
rmf_task_sequence,1,7,1,1,0
rmf_traffic_editor,0,14,8,0,0
rmf_traffic_examples,1,3,1,1,0
rmf_utils,0,0,0,0,0
rmf_visualization_building_systems,0,2,0,0,0
roboplan_ros_py,0,78,24,0,0
robot_upstart,0,0,0,0,0
robotraconteur,1,0,0,1,0
robotraconteur_companion,1,0,0,1,0
ros2_controllers_test_nodes,0,29,21,0,0
ros2_snapshot,0,0,0,0,0
ros2acceleration,0,0,0,0,0
ros2action,0,0,0,0,0
ros2agnocast,0,0,0,0,0
ros2ai,0,0,0,0,0
ros2bag,0,0,0,0,0
ros2cli,0,0,0,0,0
ros2component,0,0,0,0,0
ros2controlcli,0,91,36,0,0
ros2doctor,0,0,0,0,0
ros2interface,0,0,0,0,0
ros2launch,0,33,21,0,0
ros2launch_security,0,38,21,0,0
ros2lifecycle,0,0,0,0,0
ros2multicast,0,0,0,0,0
ros2node,0,0,0,0,0
ros2nodl,0,1,0,0,0
ros2param,0,0,0,0,0
ros2pkg,0,0,0,0,0
ros2plugin,0,0,0,0,0
ros2run,0,0,0,0,0
ros2service,0,0,0,0,0
ros2test,0,34,21,0,0
ros2topic,0,0,0,0,0
ros2trace,0,0,0,0,0
ros2trace_analysis,0,2,0,0,0
ros_industrial_cmake_boilerplate,1,0,0,1,0
ros_workspace,1,0,3,1,0
rosbag2_examples_py,0,52,33,0,0
rosbag2_to_video,0,0,0,0,0
rosidl_cli,0,0,0,0,0
rosidl_pycommon,0,0,0,0,0
rosidl_runtime_py,0,0,0,0,0
rpyutils,0,0,0,0,0
rqt,0,0,0,0,0
rqt_action,0,0,0,0,0
rqt_bag,0,0,0,0,0
rqt_bag_plugins,0,0,0,0,0
rqt_console,0,0,0,0,0
rqt_controller_manager,0,0,0,0,0
rqt_dotgraph,0,0,0,0,0
rqt_gauges,0,0,0,0,0
rqt_graph,0,0,0,0,0
rqt_gui,0,0,0,0,0
rqt_gui_py,0,0,0,0,0
rqt_joint_trajectory_controller,0,0,0,0,0
rqt_msg,0,0,0,0,0
rqt_plot,0,0,0,0,0
rqt_publisher,0,0,0,0,0
rqt_py_console,0,0,0,0,0
rqt_reconfigure,0,0,0,0,0
rqt_robot_dashboard,1,0,0,1,0
rqt_robot_steering,0,0,0,0,0
rqt_runtime_monitor,0,0,0,0,0
rqt_service_caller,0,0,0,0,0
rqt_shell,0,0,0,0,0
rqt_srv,0,0,0,0,0
rqt_tf_tree,0,0,0,0,0
rqt_topic,0,0,0,0,0
rsl,1,29,22,1,0
rtabmap,1,38,21,1,0
rtabmap_python,0,0,0,0,0
ruckig,1,0,0,1,0
scan_detection_fusion,0,0,0,0,0
scenario_execution,0,0,0,0,0
scenario_execution_control,0,28,21,0,0
scenario_execution_coverage,0,0,0,0,0
scenario_execution_dataops,0,0,0,0,0
scenario_execution_gazebo,0,1,0,0,0
scenario_execution_nav2,0,1,0,0,0
scenario_execution_network,0,0,0,0,0
scenario_execution_os,0,0,0,0,0
scenario_execution_ros,0,0,0,0,0
scenario_execution_sim,0,1,0,0,0
scenario_execution_x11,0,0,0,0,0
sdformat_test_files,1,0,0,1,0
sensor_msgs_py,0,0,0,0,0
sick_safetyscanners_base,1,0,0,1,0
sick_safevisionary_base,1,0,0,1,0
soccer_vision_3d_rviz_markers,0,0,0,0,0
sophus,1,0,0,1,0
splsm_7_conversion,0,0,0,0,0
sros2,0,0,0,0,0
steering_functions,1,0,0,1,0
stomp,1,0,0,1,0
swri_cli_tools,0,28,21,0,0
synchros2,0,0,0,0,0
system_fingerprint,0,27,21,0,0
tecgihan_driver,0,0,0,0,0
teleop_twist_keyboard,0,0,0,0,0
tf2_ros_py,0,0,0,0,0
tf2_tools,0,0,0,0,0
tf_transformations,0,0,0,0,0
tf_tree_terminal,0,56,22,0,0
topic_monitor,0,28,21,0,0
tracetools_analysis,0,0,0,0,0
tracetools_launch,0,0,0,0,0
tracetools_read,0,0,0,0,0
tracetools_test,0,0,0,0,0
tracetools_trace,0,0,0,0,0
trackdlo_segmentation,1,0,0,1,0
trackdlo_utils,1,0,0,1,0
tsid,1,10,0,1,0
turtle_tf2_py,0,0,0,0,0
turtlebot3_aruco_tracker,0,0,0,0,0
turtlebot3_automatic_parking,0,28,21,0,0
turtlebot3_automatic_parking_vision,0,55,22,0,0
turtlebot3_autorace_camera,0,39,22,0,0
turtlebot3_autorace_detect,0,29,21,0,0
turtlebot3_autorace_mission,0,29,21,0,0
turtlebot3_example,0,31,21,0,0
turtlebot3_fake_node,0,44,22,0,0
turtlebot3_home_service_challenge_aruco,0,0,0,0,0
turtlebot3_home_service_challenge_core,0,0,0,0,0
turtlebot3_teleop,0,0,0,0,0
turtlebot3_yolo_object_detection,0,0,0,0,0
turtlebot4_diagnostics,0,37,22,0,0
turtlebot4_tests,0,2,0,0,0
twist_stamper,0,0,0,0,0
ur_client_library,1,0,0,1,0
urdfdom,1,0,0,1,0
urdfdom_headers,1,0,0,1,0
urdfdom_py,0,0,0,0,0
visp,1,0,0,1,0
vrpn,1,0,0,1,0
webots_ros2,0,0,0,0,0
webots_ros2_crazyflie,0,0,0,0,0
webots_ros2_epuck,0,0,0,0,0
webots_ros2_husarion,0,0,0,0,0
webots_ros2_importer,0,0,0,0,0
webots_ros2_mavic,0,0,0,0,0
webots_ros2_tesla,0,0,0,0,0
webots_ros2_tests,0,72,22,0,0
webots_ros2_tiago,0,0,0,0,0
webots_ros2_turtlebot,0,0,0,0,0
webots_ros2_universal_robot,0,0,0,0,0
wireless_watcher,0,38,22,0,0
yasmin_cli,0,0,0,0,0
yasmin_plugins_manager,0,74,65,0,0
zenoh_security_tools,0,7,20,0,0
ament_cmake,15,0,7,1,-14
